UnmappedBrandID,UnmappedBrandName,Listing Count,Seller Count
draft_brand_YWeZ7rmd7R6dMtnjBHTCKw,a-sider,236,3
draft_brand_H47kSjHchS7ipSw7wMJe2F,"a. apsegos, ic",183,4
draft_brand_HNsdtyQEDJiqEEXtdUyECA,a.l. filter,125,46
draft_brand_3ajan9Sa56PKxUfoFEokHA,a3,254,53
draft_brand_fFsUCsMHKgY4Smxu3FnwZt,abt sportsline,275,44
draft_brand_1ZHyAGzjHNszFrXcjMp1fV,acarafix,109,3
draft_brand_WVSF43dRg84sKLmPvkSoJW,acc parts,331,16
draft_brand_835wuEBYkNJfXBhXS24ZbV,access design,314,9
draft_brand_Smr9Gc9jQ3bC79YpYaPUKU,acebikes,117,13
draft_brand_wW8XdLBFf4KtgyaeKKRxvr,acousta-fil,194,9
draft_brand_czHMVh3GoKLSkJDrxpWgZS,acoustic audio,313,240
draft_brand_77iQGWJPvEDS1CaVKSH2SV,adapter-universe,251,26
draft_brand_1vucX48ZB7p3WA2SdRjjRm,adatec,152,6
draft_brand_V34BoW2yx71idF5YgMxhjp,adbl,150,6
draft_brand_yW2C9n7FqhokSon6aRToGH,adessi,254,5
draft_brand_MFEhXKwLUaFuRiZRuynAWx,adl,16332,57
draft_brand_UZ8sjDeQocpPgqYvrK5Nsg,adm,137,16
draft_brand_Cge92oRLMVPpf7uoa9MFrw,adsit,101,3
draft_brand_Pdp1oY4RKHDP3cWvGKx2Ck,aeb,135,29
draft_brand_NTLSUjMoTY7NUx2JJfWvfy,aenvtol,217,5
draft_brand_D17rntYeuXVuiFdqqbTfBG,aeroline,198,10
draft_brand_1YKs18gDPJ7b4HyMrcJBtb,af rayspeed,298,12
draft_brand_TBjZTjjvM5Gh1NtpArVtah,affordable motor spares,214,5
draft_brand_XzwzLFKY1hf52ZTyVt3jvZ,afzdby,112,3
draft_brand_NcRiyH6iiaFGCMn31erdwE,agc automotive,259,15
draft_brand_pbCVMRf6S297sCGU8eZZgs,airoad,241,5
draft_brand_fMt5uEEXPo6daWofhefvms,airoh,111,3
draft_brand_DfMS7dTwm2c1iJ2FDvXDRt,airtec cooling,118,13
draft_brand_4pfxodCRqzEbJNJZ7WPHBJ,ajs (original oe),336,34
draft_brand_aGWbeU2k2DAcVZHDcM3uib,albarr automotive,292,4
draft_brand_SF2GCYieBLw5ohPq5XABFA,albonair,144,10
draft_brand_cmpErPuTu493eFNkqLshcE,alexander,111,58
draft_brand_KcDNYE4XpT3meNSQa5S7kU,aliead,101,4
draft_brand_tShgWC1NmXCyS3HE5wAYif,aligoparts,173,5
draft_brand_UrqzrZDTjKZFkybFiCHsiB,all ride,164,82
draft_brand_zTg3eGXJj8nV34W9YY7oXY,allmakes / bearmach,138,7
draft_brand_ML89sZcCcxN1kSgYq61cT6,alp,193,4
draft_brand_d2vZUJdFuftUWGRdPefdVM,altech,108,6
draft_brand_SqNzyWWoh8VDAaMQtUmD2q,altre marche,8873,12
draft_brand_m61yWRnoLcLUSQZeSZnuHR,aluminum alloy,1981,54
draft_brand_7pAspQvpFQJGKkY9EaWUzK,amautopartsguru,321,11
draft_brand_Z8vPkNLZ4xdN6vabQ16zKw,amch,111,4
draft_brand_R2V7sNk5n8Yg18MpwVq2hY,amcp,227,8
draft_brand_Xpa5TxZPU1VLTWV4LjZAte,amd - auto metal direct,225,4
draft_brand_FLvm6VgMqhBxJ3ZVZqFKsQ,amd tools,177,4
draft_brand_U6RjcJZCbFqtcQ4wDERR9H,ameng,145,9
draft_brand_WXxGkiCjAksWLeCQcJidEe,ameuro,269,3
draft_brand_mUsmFW93x1JvKHxgTyEpjt,amh,343,7
draft_brand_hfkJUQnH1rwNNZKGDtCiCK,ams auto gmbh,338,3
draft_brand_ggFJwYTMkgyAFUfo8zNGYX,ams tires,118,4
draft_brand_ZBdCsDpDx6c8EA3wGVsr4Y,amtra,112,26
draft_brand_6UPmnucedjvDTD9ksfS4uD,anc,110,6
draft_brand_FxJm2f5ex8dHkseGWCfSBT,ancilotti,107,3
draft_brand_W72MBQ41NGtnMUnDSDrCex,angleou,172,15
draft_brand_zjtt76qHgrc7AYzrq3Joto,angrong,167,23
draft_brand_uxieY4Kz8mrKoXs7D77cJC,anit,207,4
draft_brand_RrCyZbmWYQVGFcAMk4CMhj,ann-autoparts,287,5
draft_brand_EAsu17NPRQAfUQ3vqiGAgh,annisouly,120,4
draft_brand_KP7mPkenpnfgQhyqdmmSmr,ansor,107,9
draft_brand_S9VQe21zdzZwp9bh9qBPg2,aoc,143,19
draft_brand_gyaCyrcovuAngvLDwPeRMX,aoc car club,265,11
draft_brand_pXUzqZxt2CMRdx1yDqTyF8,aoshima,236,65
draft_brand_McEN3ejRCzxLADCJdxSRGS,aotu-wzk,132,4
draft_brand_AMeTrVW9tPYumDNp6EveXC,aoyade,314,3
draft_brand_VKNXdS362ErCahgro8qJPu,aparph,271,9
draft_brand_Pa8ZKtG2f3JKu6xd6K1QQB,apec blue,125,9
draft_brand_YxM4xmhrtbHduVZzS98CVU,aplinks,179,3
draft_brand_q2QHoyKzdWwaH8sxgEGvLT,apsmotiv,257,6
draft_brand_BSKzm6AD7UcNzi7AUY4Lpi,apx,111,8
draft_brand_CgSdkacjVAbd5u1CAQUeNd,aqua,193,9
draft_brand_ZmXsSMUa5bTripnezvhnNz,archive,104,3
draft_brand_yF7STysJYBB9jWHcivX6B9,arexons,163,15
draft_brand_rjYadqsBYZUMq4u89mdzqZ,arkovex,147,6
draft_brand_MsVvDh7zFsY1SjJ8Lkc8Ga,armored,201,9
draft_brand_kSJ1YHDpckHhMNbhqJ7Cv4,armored-auto-parts,289,21
draft_brand_Cmf9iuDGFkaiTKY5AbpDta,arp-autoteile,152,6
draft_brand_no9swGQ3nYATDefkgfho96,arr,120,3
draft_brand_moqbZyMbGsFjw3vbRWz9hB,as in picture,240,3
draft_brand_HNahog6gSUZGBiAM9kkTKk,as picture show,278,4
draft_brand_i8GFShnZC3ZbDugBnfFLNi,ase-certified-store,260,5
draft_brand_SpiqRzv9UZnjwE82LtL4Z6,askattt,168,3
draft_brand_iyTTnkLXPDeF6GgFvzS3n4,asklink,265,4
draft_brand_1Fgi5u7buKgyK9Bx3Zi5gE,asso marmitte srl,212,3
draft_brand_Emi4uFP4AaZSxWgKhdakmq,astemo,139,5
draft_brand_67vXavjaSUxNYGWqRrD1Ah,astrali,271,58
draft_brand_7vYdaYyFRX2DWHmfLTmPnS,asvegen,328,7
draft_brand_mqBFx7AjM1aGZEmpSCKjJJ,atb,265,8
draft_brand_SyDwYWvfmCqLiUCmAp7kyJ,atiker,106,5
draft_brand_GpuP3iijEriJVbBoQDABzs,atlantic automotive engineering,187,14
draft_brand_pEs7JRBf14V6bPdFqpwyrA,atn,310,7
draft_brand_j6TtCaXU3Y531mgTGopC59,atob,128,5
draft_brand_7xjrD5ZtbyrbKsVpkcTgvt,atoks-part,134,8
draft_brand_4RznCQ6FiE8f8UnDCLMUcA,atomtec,157,9
draft_brand_g7pzB5vzKYmGKeiP8scrce,atsllc,203,6
draft_brand_5Un7xkCN9yfCxyxiPz7iyW,atu,122,52
draft_brand_k1B4HEU8UnZqXAf78oLhRd,atw,109,8
draft_brand_Pn2MZ5ckAyWPtxVNFLQayZ,atzauto,234,6
draft_brand_7sNJ6rMtGCBdvvJCH7E671,auco,175,7
draft_brand_Boz14Qd1a7Y9D9JidnFHST,audi (genuine oe),297,6
draft_brand_7kV22tncLso4nD1PHcmWDr,audi original teile,139,9
draft_brand_RkPwasH7mMBcTWVpjiddwX,audi vw,235,61
draft_brand_ztqjip2t6DLbSnC4Ck7qKs,audio design,208,3
draft_brand_uRceHY48nR6auVy8pbuXgJ,audo,230,6
draft_brand_D3eHi6hiaspLuQWyspjvbF,augros,129,44
draft_brand_HQ3tSNXcSgK9ZT2wBVBwiz,auk,245,13
draft_brand_FPgkeFmAADuWCnZ73gq3GZ,aukenien,163,74
draft_brand_X4qBWgMTJG8NBsPZnTmQS8,auoparts-leader1,281,15
draft_brand_b6xXhCsUpJ8BMAjwPSLiEY,auto 101,123,18
draft_brand_EMVpNYL3LcxVzDu4Q5G318,auto city_usa,209,4
draft_brand_mDRDFBNkFzXsxiiu9UxyqP,auto connectors,111,12
draft_brand_f2yzUMWBpeX727JAK587x2,auto delta,293,70
draft_brand_M3AMR6CVdUuTSxj945Yh3w,auto parts transit,115,3
draft_brand_PxzNuMfUDhFMWUMjFtip1N,auto plus/motorad,113,9
draft_brand_CmrNa6B45LPQTmmqGUBuvR,auto pump,155,4
draft_brand_KUZJtXYcFqPyafGQYsfKXv,auto spoilers and trim,111,3
draft_brand_eW9Xzu1Lk7pA5vANYbguZz,auto-along,230,5
draft_brand_8vTLUNZCpU6TufnKK9LLV8,auto-conversion,136,5
draft_brand_D1faLDtCGWTPeChP3yAnpN,auto-rescuer,164,5
draft_brand_bQhTD3TrVqyLRF6Hnn8BEz,auto-wrench-wizard,109,3
draft_brand_2ZC8z9jZzwDPSwQ9jZjn9s,autoaidpro,181,7
draft_brand_Tft3QhGnV3P3MyR76N3JW6,autobling_90,123,6
draft_brand_erkpYQ66goFd5mdVP6nYNE,autobling4u,101,6
draft_brand_k4audqjjucKvYy3XN53Czg,autocharge,156,11
draft_brand_jznKmahQR5swniG1UTFy63,autocomponentstore,213,6
draft_brand_J5Rn6xWgWTGSjAEHFdjnDn,autoexpertcenter,169,7
draft_brand_LHjFT6NdJZr1hjhJ4vGZUp,autogauge,120,24
draft_brand_jcuwqiv63RbSd8iDeprzPM,autogear168,180,4
draft_brand_KZ8XaiGc6dABbzucKcXRDV,autogearhub,127,3
draft_brand_uNNXNe6Yk8x7McMEzZzSc7,autoking,276,5
draft_brand_vnykd2Qp9gyh5cjdYRVxhp,autoled-parts2016,162,3
draft_brand_vtba8ZA6WnmisUXv9HD42v,autolightclub,172,10
draft_brand_c3EEnxUdbqzYVTRBZag4vs,autonation accessories,233,7
draft_brand_k8wKR3bbX9ULvenWU5Rv9a,autoorangeo,100,7
draft_brand_s5UqwepruPmadXBAfEdC2j,autopart-global,127,3
draft_brand_C9E2BfcdHixsgWKvVRCj8q,autopart2004,164,3
draft_brand_fSiAXQs6QTanAr9XkqMc7J,autopartexpert9,162,4
draft_brand_koaohz321edTTawFuoSfLB,autoparts super,204,3
draft_brand_GsybvcRaFFT2VHeQzXiLqD,autoparts-chyo,227,10
draft_brand_bLaQ91xHJzPeXhFYF7Pwev,autoparts-doctor1,339,15
draft_brand_DBQimc7hZUdBsXFTWXdpoQ,autoparts-gpsnavtech,227,4
draft_brand_o68wMoiNKz5WzhEqrjvF3N,autoparts-one25,109,3
draft_brand_W5P69K4CPP66xico9Pof6f,autopartsclub,329,4
draft_brand_6yxt4u3YHJh5AQ7PRyt3Tj,autopartsunion-motors,115,3
draft_brand_nZabaAuWwNTSTATYcrfA9y,autopartsupermart,182,6
draft_brand_MU1fUsKyq57T2AgGyKbn73,autopower-gro,160,5
draft_brand_So2mismqWiChk74gAd24Y1,autopro-tools,100,6
draft_brand_HSNERPat4WBPAGHKRPPVii,autopumps,254,25
draft_brand_kgLhc9Nj3wZ894VcxZeJJN,autoqueen,237,8
draft_brand_hC98DxKStuhTTiTjeokBU8,autorewire,124,3
draft_brand_Hu7Vkd771rd1NTtbXKk1aj,autoseeker,111,6
draft_brand_XpYK2qJBFKh9UokaWygiHC,autotatoo,117,11
draft_brand_jxx9yvLgScNcYpuWw6GnWp,autoteile,143,9
draft_brand_YFEBccKjnJMJoChjeN1m3Q,autoterm,107,10
draft_brand_vHinRjsXx7Sc7ibC3Mv3Jr,autoutlet,138,85
draft_brand_aVgyAacGc5yqUT5JkWb59X,autovalve,104,11
draft_brand_crSBFYfY8iJutLXV6rkDWK,autovex,110,3
draft_brand_cWV7ARks4UqWsKRZ3ni1wn,autoz71,328,4
draft_brand_iFeSozoSZFP4JhUYnWqGvn,auxebam,108,19
draft_brand_eGuBYeYVTNid4D2bwi6YDm,avaluable,243,5
draft_brand_xeRbJxcdZxfFrQAqcisb9J,avnp,129,3
draft_brand_5yJWXXqa1zDkNU35CYhjVu,avtovaz,201,9
draft_brand_JQrhU7fVLt5gjAAfH2UfyV,awg,342,5
draft_brand_rcRvL8nk1756GrqLEzmAg4,awgcarparts,165,9
draft_brand_pbei4nBLCpgbyKo8xKWM9C,awina,158,13
draft_brand_A4AYPyEGX7cNRw7v4Anq1Y,axi-auto,284,6
draft_brand_WtwYKhyaozB7Rzi2Br1G6U,axuito,128,24
draft_brand_tkmBBHzpEqmC8kM2RUzbyo,b car,162,8
draft_brand_AdpnbZaKv3qYZYxZTaRCgd,b hive,183,5
draft_brand_YsRCLa47MSse9hH5wtgpLn,b1,248,4
draft_brand_zSKR2ULixsSJSJSqJBxMpY,b2bautomotive,341,8
draft_brand_z7k9VGmy5epP38RVYMxe27,baboauto,280,18
draft_brand_FzAEcnr6hPQgZiWPLqxVyS,badlanzhpe,138,3
draft_brand_TsdRVJqhVqPMdF7dp1uF3g,bafang,138,40
draft_brand_EpVM33PQGJKp4NBjeQDY2h,baic,290,16
draft_brand_LYXX2owi78CKHT1YGRKMLG,bailigo,119,8
draft_brand_TEewpXe5bULWegZrMEJqt6,bamoautolight,230,7
draft_brand_HP63uuuCDj9PuKpKbmRjzS,bandelone,243,5
draft_brand_Ytvy5QsVDeqoTjw2S9JLe6,baotian (original oe),125,9
draft_brand_ruro3mkXcXDkEkd9jEEDuj,barcphil,120,5
draft_brand_vNYxEKkeZDjEcAiTtz73tn,barrel exhaust,300,8
draft_brand_7Ea5SJm7JVJcPnh2BP9wyL,batowlight,132,5
draft_brand_RehmKEfKn9SjDKz6QAv48a,bay,146,7
draft_brand_bQVTWohuWpfJ5PXVvQqsbZ,bb seats,242,13
draft_brand_Czqeo773bFZrquyQka1KKK,bcdi,166,8
draft_brand_cgSdhsPirjXVJ6RmgbToYD,bd67,119,3
draft_brand_EpbGAzGVhwQWgmUm8x29wy,be-cooling-parts,174,3
draft_brand_ZX2Wvyh6HisisYKY6esPes,bearing connection,110,8
draft_brand_jCscBcgQ4NRFWvhRLhGYJc,bearmach or allmakes 4x4,145,5
draft_brand_pBoiacmtDYLj3qibwFkufM,belkebir,101,54
draft_brand_K6RWzmkfb6EQAV28Kcj8Bh,benekar,157,39
draft_brand_AS6C22w67X9k1Ho3BXPaJC,bentleygrills.com,400,8
draft_brand_mh3WjGhFmoNo9nuX7qEUC4,bergen,311,14
draft_brand_TFkF7z3AzDU6thdBfTnwLc,beru by driv,169,15
draft_brand_jUFTSgMhXiUz2Hu1eUmf3r,bescore,163,5
draft_brand_LKaB4TsKcqAPhE2cm8E3R4,best_supermarket,102,5
draft_brand_HuEC5UAzpJ4RA2QGtGqNiE,bestlicenseplateframes,181,3
draft_brand_YCfV8yfW92ABDQGNss5Q4R,bestwish2018,182,3
draft_brand_prP7SNn6RkuY3XPYksMtxy,beta (original oe),189,24
draft_brand_NTfxS95svup9HWydUZFYKd,bettella,274,6
draft_brand_sUYMtvuzjP3WJg7hMrbm8c,bettermoto,100,3
draft_brand_rnQkttapRPsE33a4GVjiwW,bexita,155,72
draft_brand_RYULqVHmQbBF5Jbn7gDKPy,beyond,170,7
draft_brand_H8J5gooE8rMwU5fCqha68D,bfyefgau,284,56
draft_brand_tYTvCXXQjbd41MJ1dq8zKX,bh sens huf,297,11
draft_brand_4qfEaByCi7783PexRXqzQ4,bidalot,133,5
draft_brand_oVnUwrEnAkYWVGifi5CEwc,big,189,23
draft_brand_dYWZVFhXbqY4ackQLK9bRk,big end performance,162,16
draft_brand_GBLdqp5juMgRii4y876QmK,bikelitez,143,3
draft_brand_LMxe1aupijz4UhzLXQSrjR,biker leather,132,5
draft_brand_Y6yBoZvrBRX8oRzLzMYYS1,biketec,184,3
draft_brand_bcjCQ3BX2puncwgdcQQzpd,bilitools,106,74
draft_brand_KaPyX6wvbPsY2YMaqy2JWQ,bingoo,118,3
draft_brand_MFZ45MpxbkUyyxa5g9eCTY,biomar labs,214,9
draft_brand_nuAJ2ZU9JPgbY8e4eA9E9n,birdmanracing,1118,3
draft_brand_QkNM92RPaLHS91MbYhgbVZ,bison parts,947,11
draft_brand_gC5RrN2hrZnGC24Ai4MwBH,bits4landys,164,3
draft_brand_eeKtCrG2SqQHUjupDTLT5k,bkk classicbike,326,7
draft_brand_yBvdTn4mUTUohPuMcT93qs,bl-auto,186,3
draft_brand_4aiLsQzC7148pb1ggaHCDp,blank,163,16
draft_brand_xj2mDaG5EkjJNBDYgb1ZLg,blg car parts,167,25
draft_brand_pJ42tQteZjHZz2UqtMYDG4,bling,107,41
draft_brand_mNezYfKgsyUj6rk1MhvruJ,blinkerhaus,231,3
draft_brand_56PV3hSo2NBd665ZeC4m4e,blmc,131,7
draft_brand_z7EZmUkokjQw4Y5BbfJRYd,blueprint,258,15
draft_brand_fSgqcmWcY9YQv6DUAuPjuo,bmw ag,2726,20
draft_brand_ig32dY9h9gF4VSVAn5Xi68,bob drake reproductions,101,4
draft_brand_ZHGgYSCsgovesvTT6D1Pco,bochangcar,172,5
draft_brand_DWh8nAHLSfVGP5bgvvdU5X,bode,101,8
draft_brand_VycGy32kLBqAKmFdpT979J,body shop price,106,6
draft_brand_pwdbZ8y6vqd6RT12E358wV,bodypro,141,3
draft_brand_8TUKR6fj1pfV65sq6vpvx9,boeck,198,6
draft_brand_XoEek4ksFyzKh69879cdUX,boese engineering,117,4
draft_brand_bek2kbV4ZpT8X8x7owL8bH,bolts,167,3
draft_brand_t7xLbUonHUoz2xsvtV26Bj,bolwins,159,12
draft_brand_k4nD4b1XEkWrNiqCf5mwbE,boomba,219,7
draft_brand_Cg3mDG5ufFj59rTrpQqSeW,boyimu,259,9
draft_brand_fijVGWdu6dMxSv1krJoaRz,boysen,129,56
draft_brand_UbC2ZwpKEjvKBY1NoYUDjU,bp autoparts,296,11
draft_brand_taeotuPQUewRyXGotaEHy5,br electrical,191,3
draft_brand_wrqReJReXfSYFTSGvg73oN,bracket,226,49
draft_brand_5qRLjXBWhmJ5Zp4a1r3wHG,brakemaster auto,314,3
draft_brand_t7Pcih26xNJNfah8im2osx,branded01,219,4
draft_brand_yQgZqesyAGnvQrEyrKxfNo,brass,158,44
draft_brand_Le5QnaryJSbkE7h8z9s1Lr,breco,128,10
draft_brand_Cw3UrqqcfBzNNMvV9jX7iQ,brehma,309,16
draft_brand_m392jXQMjLAn2xsZ6fh9et,brembo oe powersports,136,6
draft_brand_XCEgczFAcaqr6p9pw4b1KG,brian tooley,159,15
draft_brand_yF87Z1apBygcx7RJpPCtSy,brick,236,33
draft_brand_AARJaXpNDg9noWeBejsiQD,brickyard automotive,280,3
draft_brand_dPwGaUjYruLqk2YE3uggE8,british boston,343,4
draft_brand_dPkqH295ZbL9bWNeTroD8r,british motor classics,166,8
draft_brand_adnCphxSTg1u7VVPgfxRqL,britune,164,4
draft_brand_fXy2rtg7kD6zyszyiLdXpc,brogotek,150,24
draft_brand_on17JVC6ujVry6p4YbeYGL,bryght-88,182,10
draft_brand_DjDSedeTqywYsUKQ3H1QTp,bsa triumph norton,100,16
draft_brand_DGyHm6EM8iDeev7VzFa8y8,bsb,175,7
draft_brand_T7HUuSRhvupuYUoDfTqqND,bst,499,12
draft_brand_jVmAmqS3mYnmUT2Dw95qyo,bu-auto,294,3
draft_brand_6GPHGSNbDZ53rV1XLcX1h4,builtright,106,6
draft_brand_nvsqKijHMjYAd6W4JADGSE,buschef,301,15
draft_brand_EgbhHfZMWuh68XvrAKLrDh,butlers,197,117
draft_brand_VyDpje56fFghcrWB4e4cDZ,buzzard racing,287,3
draft_brand_jDKuFTdxCwr3LtYfYtLYQi,bvf,262,67
draft_brand_wKue8QzZTnMv6dZ8imx9Xy,bws,230,5
draft_brand_XLbVES2WHF45uGf4wqUsvC,by injectronx,339,9
draft_brand_yZ87NgsyLjByyKasjtkirK,c.c. rider,113,24
draft_brand_iJLgkTKkFT3F24yC9WnF5V,c.v.parts,181,8
draft_brand_GVHcJ1rExrhKTiib5mCQZb,c4,41648,38
draft_brand_7srsA5viJRqijF4dh8fdFm,cabemblemauto,303,5
draft_brand_EBfzJqFSa98twgekPSrBpA,caber,206,3
draft_brand_f1ESAbCxFEsov1He9vmzSJ,caberre,211,19
draft_brand_9dmXEibWcNRknWbLxqDQVx,camellia city rod and custom,183,5
draft_brand_bPXsqfDJoUfPiKLDFz7ego,canscan,212,4
draft_brand_sgMA2QezuZHrwCUqkNRxEN,canscan-shop,495,9
draft_brand_DxArA8YSzkvhhQLpuuKXaU,capristo,252,7
draft_brand_hGoNVLuooxN4v38HrgkTr5,capture,158,13
draft_brand_LxvAB5WZzjn8LGyaXharuJ,car auto radio,150,10
draft_brand_bfVeTWQMJwqUSz8LnAKRTr,car clips,106,7
draft_brand_HKpikBV4EBGLmQHXYETeed,car outdoor or indoor,108,5
draft_brand_puGpqRDVrLLh7dzugmArNH,caraccesswhole22,174,4
draft_brand_MXGDGjsWw3WCPJDcNDNRva,carb junkys,134,5
draft_brand_7LKKULZ8EUi9vVcuwtizNx,carbon fiber,1790,52
draft_brand_GJMyAot5p5Vpn127ujJkpm,carbontop,262,8
draft_brand_iV8zJSqfE3Fb8gEVSp341A,carbonwurks,219,3
draft_brand_r3kgxhEPHreYpxpz8174HY,carbox24,292,7
draft_brand_rFgM1SRGeBqMxDi2s77rCQ,carburetor kit,105,7
draft_brand_jeN1hfFLrnVNfVcJYAMSsC,carcarclub,173,3
draft_brand_7no6nAxzi73z1C7jwUray1,carcareplanet,265,3
draft_brand_U9wErSrNaZxAV3EAAVuxnV,card,110,8
draft_brand_pjUzGNjq4oGD9yRjMtbwXi,carlightsco.ltd,137,6
draft_brand_NYnB3hPkKXsi2Q32n7YgJg,carlink,322,4
draft_brand_5U2nSK6wSwoGmuezGHfe66,carlookmi,113,5
draft_brand_54ircvQ4uP35kgrr7yD4Yj,carmall2026,178,10
draft_brand_ULkXzbzp8x5W9LWrsezJjA,carmodshop,169,3
draft_brand_4jZTa5HU5KxfmXwna9Jnrx,carparts-0978,418,3
draft_brand_WBP2SaARFcFze6NP5H1Edn,carpartstore,153,6
draft_brand_hXES6A8VGCWbdoFdosVaGA,carplan,325,113
draft_brand_9fxU5PcFNjG6wpEAqDV4Dv,carquest premium calipers,119,10
draft_brand_iHUdtLnNCmKvPCNKj1w3KC,carquest premium chassis,183,21
draft_brand_ArJMiakeS6vTLdVQGqyZn8,carquest standard brake pads,132,16
draft_brand_npx1tTVBVV9Cip181dJUrd,carracing,146,14
draft_brand_PNBrYHmZTbKQPBnotzAQ8t,carradioguru,249,12
draft_brand_W3riCk5QgYfdGABmbSZBKn,carrstar,308,5
draft_brand_iA8wUCZx6G95DPDkoJgdkS,cars llc,157,4
draft_brand_F8EcWYqfPZEfbWkoDvVi31,carsaid,225,10
draft_brand_pWN8zXtpEcmcZHjYtbGtgK,carshba_autoparts,185,7
draft_brand_WSK7RX8PG44DvW2SKDw4Ga,carshop-usa,112,7
draft_brand_KRBSxhfwuosJh2x8JnGZJ1,carshop2015,285,19
draft_brand_uF5i9AbcsL4bM9UXvXPqx6,carsoundguru,164,5
draft_brand_UsNDkww5DHaPqxKUjrD3j1,carsuspart,140,6
draft_brand_BJKxoKH29touDiddsworte,cartech books,174,4
draft_brand_zL3yHBkBUbLUTsHyZbDded,cartob,122,5
draft_brand_rk43XdvkxfFPmYBp7sQr8M,carusaa,205,7
draft_brand_c13SvikcrRookkhzLS9eCH,catch usa,111,3
draft_brand_y6pUeHYyT1cvDDNq8WppW9,cati,147,9
draft_brand_8SAkN8Lyi31n8k9PkHhRS6,cavis,115,14
draft_brand_FAXDfeUtGF7ejK89YB8ecP,cbdtimesus,111,12
draft_brand_8xfZiWzThT6SDwD7wviNsi,cc,104,39
draft_brand_QGf1mpHewfoZYPvMffPrR2,ccmotor202,223,3
draft_brand_wF5Zd8QJA2Y6voswZby1Gi,ccr,268,7
draft_brand_9BGHWruCSwNHzNDiwQ8whC,cea,290,4
draft_brand_t8kNqCX2SfdS3KKWGEDgDW,centek industries,117,21
draft_brand_7vhXnxWdWT3CJ5kENQomgQ,cer,7822,10
draft_brand_Ct6mfLMiv7iMmUT1BVmJox,cf-power,166,5
draft_brand_E9PMVyAXVBkYFvgWQTsumm,cfk,184,5
draft_brand_y7LknEWVF97jyepJcppqYQ,changan,253,47
draft_brand_GwzKD3Q25X21e5cuyUQ4Ch,charger,235,99
draft_brand_BMDEbX9WK4QPEJdXm6L1ZM,chevyparts,169,14
draft_brand_uuBL48VLSx2Jp4mHBxHJuc,china scooter (original oe),195,37
draft_brand_CVFpq3mDMDEQ3kH8B6k5Ex,chinoeo,129,8
draft_brand_jJdM31BFFhXuEqioPZTnHh,chrome pillar posts,115,10
draft_brand_qrNPjRv3m7i1J28hCfQft2,chrome trim,125,5
draft_brand_TWnypSBUdafwFuLD8DAE3T,cht chiaravalli,107,3
draft_brand_qKdbof9R9rR35gpvb4QL9f,chuayyray,322,17
draft_brand_t4Jn4yUzkQpeUwBuPYBE5Y,chus,146,8
draft_brand_GAmbug8wjUiDGNNtDGpkFp,chussyyray,171,20
draft_brand_HTSzfXsP8Gh3R5vN1HT64B,circuit,100,13
draft_brand_W1DPuDZLgmYbamQDh4ULFu,cj750,251,3
draft_brand_JE1NZW5AXVAXddVpo42MJK,clamp,2630,21
draft_brand_fVpcaSStAXNnGfUiZ9zxeo,classic parts,315,11
draft_brand_SNfWL89Y2Jcvfhu6UGrrDo,clean injection,200,5
draft_brand_c7wSZnoDiyaJn3g232zeru,cmec,169,5
draft_brand_9hnnDaohMnARQR11ZM2CQ8,coast to coast automotive products,238,15
draft_brand_ZzoJJA6EQQQ3SjRrpSA12L,colightled,143,9
draft_brand_jHCRdfXEhGXFevz5uVsYo6,colisal,105,74
draft_brand_gNRQCKpqTbPpQHhuAza1X7,coliww,117,3
draft_brand_TBpkzZaHUCRuesQjYyPXzd,comma,33765,173
draft_brand_LECdY7TjeS2XEJVmT9VM1K,common rail,180,49
draft_brand_EQKaQczV4WADWYZp2QsdxY,compatible,166,47
draft_brand_eb3EixCf1pxUo6yuAsirkA,conqueror,117,10
draft_brand_9AgMJvraTGkjBS4NuDFRVA,continental ag,172,5
draft_brand_7kFJYgKsv98eoTSAXf5Smj,continental direct,335,16
draft_brand_PD4nLsZBkwYdckP3goXXP2,convoy,146,8
draft_brand_HtMT8pAaT5MYMtkwrai2tT,cool point,128,21
draft_brand_CrLbc5shGCshYDq9QRJbyN,cooland,341,3
draft_brand_BsXnpdGcdt8kyJHjntTdeQ,coolerworx,122,12
draft_brand_gm27SXLZkuHP56z58emWeh,coremoto,148,8
draft_brand_WZ4GYdAHs6RqmE4nSysYoJ,corvette rubber company,143,10
draft_brand_TfagASsPWGnxQR3RwhLHXN,cotexas,130,4
draft_brand_ZGY3TGMW3rRkohjMfxxk6h,cotti,101,10
draft_brand_stN9BBhziCgWh8q38kmPk5,councross,100,13
draft_brand_vQ3e7YWE7Bmez73bfRGfB6,covlontin,126,6
draft_brand_X5EkxSYe1yMqw2BxLnpN9k,coyote wheel accessories,192,14
draft_brand_QsLvKj7RfWEpzGVZfvY52H,cp carillo,102,6
draft_brand_1Z9m73xVXVZ83Mi1VAoG34,cpb,344,5
draft_brand_M6dqruhxUWzoQUUR7aMS9Z,cpg,153,3
draft_brand_Mg4GLmTBAELcnBfnRMD9wS,cpi (original oe),204,41
draft_brand_r8YJQfStsTMoj1aoEhL2SB,crosland filters,315,187
draft_brand_gmzb5p1MEAsDnGrn1GEe7v,crotrim,228,5
draft_brand_uPdbtMbZnSNDDDJuka6AGN,crow safety gear,298,8
draft_brand_bZsAeT9HQcsPQZNYcRHv8G,cs racing,168,6
draft_brand_MgWn3ivgJ9XjaDB2KkiJMZ,csaauto,131,8
draft_brand_QfF2arko8UGrLtVzst9EMZ,cshauauto,141,5
draft_brand_TsXHMSxRac7qw8fH3V4knr,cskt,128,5
draft_brand_P9cYnWdKLSmNtNQnaiRGav,csspeedauto,299,3
draft_brand_RWFjjV4eSS48TiSva3cuYy,cube speed,233,8
draft_brand_YDcbtxmWoNHg2vqZhKvJPp,cupra formentor,250,6
draft_brand_yRnkzAwVoEC6eL8Xi835qB,cutever,103,6
draft_brand_QqXst3CoHkFWPjPfuGqDhe,cv performance,255,10
draft_brand_ppzWwyVbZXxg1KCPr5XXQ1,czdongy,401,11
draft_brand_DcP8cwxETmeqCVnPrUB4tC,d2_sport,242,4
draft_brand_RwceAizeNYzKCgPrnawnap,da gear,260,5
draft_brand_KbS8bk9NQdWd2yfZJtvq1e,daisyi,199,3
draft_brand_ALq9ZTsRMxRwJ8Sv1oq5Pb,dales mfg co,115,4
draft_brand_fqDe1iZqieT7u3hbUXZLqy,dallas-auto-gear,122,7
draft_brand_waA6Utb7y5ebkardwvxE1t,dapa,252,9
draft_brand_yH2RMeyBMGVdSJ7fECMn77,dartfortune,285,4
draft_brand_gufSz5cfUSYBb6mNQLzuS6,dasaita,100,23
draft_brand_zbXgLSqqSHySKi1HjUzQk8,davo,194,5
draft_brand_M9proV6dJwmdHCTuUwi1tt,daylight,138,9
draft_brand_N4Lrp2KuqpDk3bH5MrFQwW,dayuan,205,123
draft_brand_Rsrf8TRcAUJYf9FpAqqPZZ,dbilas,209,11
draft_brand_m3DrATwroLvfWkJdNqGvhG,dbmoto,290,7
draft_brand_j1Eg7kjq1UBQatQoya8hoE,dcecmdel,134,5
draft_brand_mLVXYeNckyWF3G1Fj7sDpt,deabuy2020,299,5
draft_brand_4yc2ziC6us5L6HMTvhB6mk,dealer,144,10
draft_brand_SUDvnEVQeYT7rGkeafanSM,deanniu77,342,12
draft_brand_g7L1Zi738YzJxUmULaGERG,debeer,114,8
draft_brand_sRSmAb4EX6rPB7sK3aLZ2P,debo-parts,112,3
draft_brand_YmFLL1HBFPj89MsuCWKQht,dectane,117,28
draft_brand_tW99A8apNiT3a1XhnPyB7j,ded,273,53
draft_brand_o2UZDAcp3uMBA2hmMdUw6d,deeracing86,261,3
draft_brand_CdyiWPSmWjrpppZy4pUiCN,delightworld9,105,7
draft_brand_C6NXECsxjsLaLNKwi4n74V,dello,151,10
draft_brand_8erAPYQRMLbN4r7pNa3ioe,delphi diesel,107,34
draft_brand_8pbswqtPySJart8aDvhZAb,delta auto parts,180,8
draft_brand_q3GwnKbqc2WSWobEbE6gUP,dem,239,6
draft_brand_t2F7g5TwoHxXoH6vM6Hrtf,demm,276,10
draft_brand_AKMA41CVWteg1gQYYyss3B,dendera car parts,143,10
draft_brand_8gcg9wAvSVdeK7oYdwnCYT,deri,121,22
draft_brand_CLyDFsJ386yExBkPNWziix,derui,224,4
draft_brand_pDUG3x7gqqGc4b7r1oYVdu,details in description,1076,196
draft_brand_EEZfir4Jnt3ijDJZdVE5as,dexwal,226,9
draft_brand_hdxyjb1EoqVyeGXZnMXznR,deyuauto,215,7
draft_brand_SSzNUhEhexZP3MDxBRPjoc,dgs,100,3
draft_brand_B36A89LqYpSxajYoUFLYeR,di,115,5
draft_brand_pvMiMekpbxfTMBSG2L5CN9,dicn,135,18
draft_brand_MjWFTJMDJYdmo97KGKtq23,dik,146,11
draft_brand_KGgUqjuNNycciWaZLyuZbd,diligent automotive parts,260,4
draft_brand_hKKrzUSEgy2BjiayWQpcpq,dimflux,137,29
draft_brand_iKqeeDTFoHQh6SU2qUfbWb,dingyu,166,18
draft_brand_MEoXafb6AcBFj5w7gho8J5,diokom,139,3
draft_brand_mYz9uDRE4rNHeQjRpLxnoG,dipasport,158,6
draft_brand_HvZdU5qHR3BmrXReQNc2JD,direct,195,48
draft_brand_jq3xetp5xU74cCoYtiJNuY,direct components,333,80
draft_brand_TUcdVeYePAGb2yHoEH6vDT,direct fit catalytic hub,179,3
draft_brand_xT2auCCU34efT9fg1V1Npc,direct fit exhaust,238,9
draft_brand_BGJCDLr2DupEn8MP9zZtpm,dirt defender,121,5
draft_brand_aSy48aSWhimVtcjSGmgwUu,dirty dingo motorsports,207,10
draft_brand_W6Tkt1UoAbnLyFzBRpLF8h,discontinued decals,2881,3
draft_brand_L2ALaQoV3dfjus7XmNMYz1,distinctive ind.,119,4
draft_brand_Ki6H46j9rpZFbHvKTew1A7,ditsky77,331,3
draft_brand_TTh8xYsfjUQpAHFLoG7yRd,divers,160,37
draft_brand_7ubHb2CvcAboB7q48cr5EA,divicarmotorlight,195,3
draft_brand_9AVuzgek3hvXpvnVqT8WZn,dixie monte carlo,107,3
draft_brand_yUsYUZDKj3LHSsz6FEJyZm,dkmotork,311,4
draft_brand_JuFebizXTGxZej9bdR2KG3,dkw (original oe),199,45
draft_brand_TzqMEYJdDiuPZS9SYawQqS,dlmdimke,111,6
draft_brand_NNxfBDaobrudYx2DJmMbd7,dmps,143,4
draft_brand_qGHRGYmUHgkjvHrwpcWKkk,dms,102,11
draft_brand_UJyYRcov76TyLpa1yWVidQ,dmv motorsports,282,3
draft_brand_dSHRwSejaFtyeYCGELK8VW,dnepr (original oe),145,12
draft_brand_PmRSwsSsyGgJXQm6EsPmTT,dobrev,167,3
draft_brand_Z4J7gjewufgA4iA4rw1UFE,domg6677,284,8
draft_brand_MuVCU7tv6ijToEGRNSWecy,dominator racing products,122,3
draft_brand_xmNp9Z24z48gw54rmxZvNT,dooxz,227,14
draft_brand_o3sigYbPPtp5FZZrSE6CNk,downshift_moto,204,8
draft_brand_oCzvU3ecnjb1FypmPUqnf5,dphealth,212,11
draft_brand_MkdLE6Bd1vvPXgKUz4iRfZ,dps,115,10
draft_brand_wUFPBBFmDqguGsLTCn7jRc,dq,131,4
draft_brand_jkWdWrThFs512qSWrWnqqi,dr pulley,101,9
draft_brand_CtMYph2nwz6MFfHmZi6mdy,dr racing,144,5
draft_brand_bEfS8QCWRSQnTV9ZLJDJdV,dr. motor,18993,15
draft_brand_u3wHDJKsL6yqi2ww7R829x,dream,102,4
draft_brand_fgV4ys9mHm11UfBuhtjgiY,dreame,103,27
draft_brand_YWG1rEUpeix5m74qr9d8kD,dreams-auto,173,5
draft_brand_yqc3bdCkDSrRj4teUBP2Aa,dreamsport-auto,324,5
draft_brand_Kk2G5Yj6y3E9Q6fbZMfksz,drivecraft,102,14
draft_brand_NzKoQ2DfqKjULbugXnFatM,drivefix,112,87
draft_brand_njLdQ56Cncv7QPrn7WgZ1k,drivelink,303,41
draft_brand_KU2msLW7hTeSRrxYsQGY68,drivespot,134,3
draft_brand_oHVgjXe8EnKh4i2pqWxzsn,drivespots,221,5
draft_brand_yzgN1jDushKfBbg6cpkMhK,drivetec,19336,531
draft_brand_eQ7oiB9TuGqEukgEvZjmVa,drivetrainprostore,220,5
draft_brand_Ucd7LxVbgrn9PZwKcgPFB4,dropstars trail series,101,3
draft_brand_wTqcpst7h8Q9NwXuZK2Y1M,dtanncce,155,4
draft_brand_fwQem8EYLQoiUNVHLPPhQx,ducati cagiva,181,5
draft_brand_VC3S4zeYSmfBiZfiko6Kex,dun-bri group,138,4
draft_brand_GFM34CwhqGv4tsiVax2Sst,duosida,222,108
draft_brand_AdFVCruLjzYpTAKtyXuUpR,duraliner,146,3
draft_brand_MVbLMvtFXqAag8H2nvPFMT,dutton-lainson company,116,37
draft_brand_Yu7ojCoVjNLpF5hu9bYxBN,dwk,138,5
draft_brand_gkba9oTRkcdQFsDRvZHEzR,dwparts,150,3
draft_brand_1HUgK9KWPWGRk2izj7Dqxq,dxc,139,3
draft_brand_oqNMfQp9eBaJQTGWs31UmR,dynavim autoparts,127,3
draft_brand_VrR1W7L14RppTLFAv4r4T3,dyncaorn,184,5
draft_brand_GQftmd4wPJFdxaeqiLRXCF,dynomotive,205,3
draft_brand_LJ8R928TMSMVkguKVMfeiC,dys,18243,43
draft_brand_ENGKT7tkT97n4GjprPZwDB,dzntmy,254,11
draft_brand_vetXTwKD8eBUWBkJpEYNKu,e approved,7352,27
draft_brand_d9itXxBzDB5CCKjsF7UBCo,e-home-0,101,3
draft_brand_JCXVqZ8CjzUtF2K4wAQZr3,e-tre,37373,12
draft_brand_aLLQfjAVq5ojciQAdhFQkb,e-upworth,123,6
draft_brand_JkCRvqvVkWKn9ipV95tRLf,e&k baltic,156,3
draft_brand_uDaf9bwm1w68yNu5srK9zn,eak-auto,203,6
draft_brand_Q3cBdCYf6pnW8ytCjyffzA,eak-autotec,146,6
draft_brand_G17TavjedcCSpYwmpxMoMw,east coast chevy,118,6
draft_brand_wDjeeJz4NoSDJURzUoLdXb,easyboost,189,30
draft_brand_kruMz3STSKKMAdYQzswBax,easyguard,102,26
draft_brand_jedqbACJgmxXcXNnrkvxfS,ebautopart,158,4
draft_brand_UUX6B1yvumW5xQqAH6L1Dx,ebay motors,243,8
draft_brand_5vhN3kJtnqJYYgushqpKZW,ebmx,135,11
draft_brand_dfB2kg9TcRF2S9FWjJe1sk,ebn,181,4
draft_brand_mdmBBFwwxeJACvzhd2wvSd,ecasikofi,178,7
draft_brand_Rz6hnEJSJ4FEUVj2JwLLoF,eco-autotec,106,6
draft_brand_hYPHxgf29Td8zmnPthRYBh,ecobreeth,108,7
draft_brand_RisQWyxKisnnxFPntcPnTT,ecr brakes,133,4
draft_brand_7Qmzn2NP3BSwTTodqco4Xk,ed,101,11
draft_brand_RMhzwnn2x1UbvUxX5RZTXS,edbetos,112,78
draft_brand_zRaTFUoaukdLHzvhV2cq2V,ee,144,3
draft_brand_GyarsugTPtjQAA97fsstdY,effect cooling,123,3
draft_brand_CHy22RV5ZRW64cJ3MUMCeK,elbi,152,5
draft_brand_nNDBrwfZQgxypMxrRUKDf3,elizakia,146,4
draft_brand_5YMX71DBQLtTLpz5xS2XJk,"elo-autoteile, vego-autoteile",119,3
draft_brand_JZwSDaNgLg7wf4PU4WksV7,emb,112,15
draft_brand_A8wfyzLxtvRSKT6QBZDDPa,emka,129,6
draft_brand_5iau7cWEWXayY7fTwEQH9u,emmerre,235,6
draft_brand_SCFMkDXxW17sHJx48bebq4,emsea,161,55
draft_brand_aYCDnAjpfEQA3MKmMHydug,engang0905,272,5
draft_brand_vc9fc7LFT1gUd74msC12vT,engine motor depot,140,4
draft_brand_EjUGswe848hJc9tjpTcuMS,engine revive,116,7
draft_brand_iAhVt6dMBzYJKUNryUhGCn,enm motors,150,10
draft_brand_CkPEDD5Ccdx788LPzT9ZY1,envoynuo,117,3
draft_brand_bXe5jneD14PMwqXaKYzw3U,eocvehuet,131,3
draft_brand_UWf3L74FxVC4RrAKtxq6jX,eop-auto,123,7
draft_brand_hpprtFfE27TMepECU2tdaV,eop-autotec,127,6
draft_brand_qygB8BNeHnsVNxDea5iGmA,epw,107,6
draft_brand_tyBBYqzs2yLPwaeTg6tZD7,erandcar,132,4
draft_brand_Ey1KGbgW9neGqesNXA9evX,ering,176,7
draft_brand_URMNKfYUW8HhvnpybaQhj4,erling,161,24
draft_brand_skKtMKLCtGWwej2JektyWe,errebi,207,8
draft_brand_Dox7536nWsanDVEBy8U1Gw,ertel publishing,124,6
draft_brand_5sGuUGuPFeEVwMT4wX6Rk4,esscoo,118,23
draft_brand_vWJU8eCjna5JCy52zmnHJE,esukceso,137,15
draft_brand_kyVdue9P3WToC6AxixhRGQ,ethyve,190,12
draft_brand_fNer9hGiMGifdvz9H1rXdw,etps,107,3
draft_brand_HesTN9pHts3YutKZJrqGwx,etronic,109,4
draft_brand_yjq7DjcBJupRy2vjTHgqkN,eu,15639,157
draft_brand_baLydHSzp2gvDt2QA8LL5k,eunos,239,69
draft_brand_CyAymexxxnwXrUiTeM4Phk,eurdriveshaft,207,3
draft_brand_QeGqvkY9nzMvYJW1EFkevx,eurocarb,189,7
draft_brand_nNfgpSQg7rUZLfKS43mapy,eurol,185,20
draft_brand_AAczeUR7pbFgK5oCWUaLuF,ev parts online,145,4
draft_brand_pvSEpxEHxp1e2niHYmaW4C,evergreen engines,100,91
draft_brand_Jw2ZN3Y8DmyACzWtUrQ53u,evmtawd,203,8
draft_brand_DCbfQweY9oqZ7NsheH2MpB,exa-auto,231,6
draft_brand_G5Lphii1NKQz1NhGPSJ5Gs,excel automotive group,267,27
draft_brand_kZG2HLmhPPKb5LJ9T8BRkD,exllerr-autoparts,215,3
draft_brand_DFZWiwZ45LTX6kSas7nEib,exmoor trim,130,26
draft_brand_wgvQpUphnjsPdN4HdDHm9n,expert line,128,3
draft_brand_UWN2b5eS9MURsEUAFh7HUr,express emblems,121,13
draft_brand_8WphqimNbmRUYin8xKWkN8,extreme billet sports,133,3
draft_brand_iv1CqRGuXXhW34qKro6f1L,ez motoring llc,149,13
draft_brand_GhrodmGLxgmsTmrZv2u9Wk,ez oil drain,151,13
draft_brand_h1rDG3rhJSNg2rV112a6Tk,f-superdutystre,104,23
draft_brand_rq5isWsB7YAwGfrUgXNKt5,f4,226,16
draft_brand_72u6gLZcbcuNHxwkdiHEFM,f8 f7 f6 s8 s7 s6 m s f efi 2005 05 2007 07 oem,125,4
draft_brand_HDFoVKKXLvFhF8pTEjF8Q3,fableern,113,4
draft_brand_u3hjuRACqiGRx1NrCGJsvE,factory products,134,4
draft_brand_Z53hWZQvAfKPKNRnFAjCAj,factoryautobuy,161,6
draft_brand_sZGYAwfiub4ZZzFvqknMBb,fahren/termitor,290,17
draft_brand_TmKjYdGyDrVggkpGKHK4r9,fai gaskets,197,14
draft_brand_GFyr16oyS6ygZ3fnrdw7x2,fairings,196,3
draft_brand_5g37JxZUASFAZ4pGJVnTtG,famly-89,409,10
draft_brand_eGRYuBeGguLgo8PKq1Q1vs,fanpayy,123,72
draft_brand_EKhvkhM1NpTzUhvP6dDpyW,farviewautolight,126,12
draft_brand_ZcpijMs3pk6j3grfAJwAyx,fastspeed,297,8
draft_brand_gJpEiN6H6Rayxq8nWECyeJ,fastusmotorparts,138,6
draft_brand_brJKrcFmE45m8Br7eHrWdY,fatsco,147,3
draft_brand_QqXnX7FD3BuSg5ouRyPKNK,faybuy-it,114,7
draft_brand_TvcCpRwBV83qbx5tW2318g,faymizsa,162,7
draft_brand_E3LhHChWvGxETeAQHhkSRz,fbm,151,3
draft_brand_ajyxca7JrVhNqEfcU7PawN,fcp engineering,177,4
draft_brand_FnyLkhkBm5dsEg5Zr5PGfM,fdm,307,4
draft_brand_qotHKiYQy5gAJgXnZQbh4j,feiyuu,153,3
draft_brand_ijZmamxqKQ52zW2e6p8G6R,fenoy,105,3
draft_brand_Nzxg2a6e13JFvhk2rUxtC5,fentlles,147,8
draft_brand_4j7fZopREPKiRiaXqbT36r,feyree,141,5
draft_brand_KURmzaLSwuPjGKrmGdsENU,fiat lancia,166,5
draft_brand_BMvtcaota511AU4iQLUPyq,fiat oe,149,18
draft_brand_nJdxF7xc9YnnFCK1FH9obC,fiat/alfa romeo/lancia,8089,20
draft_brand_35airUU9uHiiLQ62tNhNYz,fiberglass specialties nv,123,5
draft_brand_CGQDtPyShFfmuQNdTY7wN1,fiero,155,19
draft_brand_Di2K5fyTFdXhw5viZTYYvE,figpade,127,94
draft_brand_m1kTaQY7ixzDuRVh8vzdE1,fipux,259,5
draft_brand_jh3QrHvtyJRJdPb89XbvtY,first copy,240,90
draft_brand_ttTJXXX8Z9ErbuPWfuUHpy,fisker ocean,189,3
draft_brand_iyXiAZYMsWEPFSQusyB2g9,fit for,124,47
draft_brand_frdAC5EPKdKJrLJdhw8AiS,fit for icon golf cart,131,9
draft_brand_E9Bcu9rZQ5NSRAxJLtHxSR,fit for ktm,121,12
draft_brand_hYGUSnzFhWbeyTHEhE1m4Y,fitmasterauto,303,6
draft_brand_KLh2EKNoKhhyR6fyy43ovF,five star race car bodies,279,3
draft_brand_GWf85ms6rmQrPUW4y41XxK,five stars,100,25
draft_brand_jF3sKxmAwU5XjAXMX74nDi,flawlessjunction,201,37
draft_brand_vfnn2kLCFNvx6YQ2nkXbmg,flo,105,4
draft_brand_frUYnYZZVC1Z6Z7NR2JhGw,flyle,178,3
draft_brand_o9mh4iCAwsscULwAzvmVrj,fmx,105,8
draft_brand_CssWguHStXLeYGGhy8KLQW,fobiko,115,6
draft_brand_4tSim6n5A9Xa176h6qJ2Av,foneso,134,90
draft_brand_B1xF5dHRwcVpHeeHyHkia3,for accord,293,50
draft_brand_8tmP7HcCR5QJTCAPBMkUJQ,for alfa,274,51
draft_brand_XPnHAUTYgKknANmAKredHE,for bmw,160,47
draft_brand_nGTUnj7QXL4M4QRmw1n6Bf,for civic,284,52
draft_brand_nonCA3b5fcrCcoeTjY8XVo,for ebay,108,4
draft_brand_wtNEj1EFjWAnYRVigTpUJf,for land rover,161,46
draft_brand_mx9QM7wKbao5arFHQNMt2F,for mini,199,33
draft_brand_y5GTkYLkfB6JSRVstPAufE,for outlander,184,46
draft_brand_qynCfbxnref6vDS8prw6gk,for scania,148,45
draft_brand_PTxRC12JfS5d9QqvxAx6qp,forceautoparts,117,4
draft_brand_autS41imo7TaRp6Envcaah,fordo,167,3
draft_brand_qUkfmyydAAV68fgXX57L5J,fordparts,101,6
draft_brand_sTDGzkAN4Z8u3jGvDQSaWP,forestcart,116,11
draft_brand_psBhfKcpgJUmPmS2QvKZJt,fortem,120,85
draft_brand_Uvgd6ijSyMJW137UCn2bH1,forvilaparts,265,4
draft_brand_8H5VWrVeKRcB2YNQ9jna8a,forxe,111,5
draft_brand_u6vK55hy2Hi7KoPbnCGiVY,fpt,2618,180
draft_brand_GkV4XncrU7zvceVPZmqhiR,free spirits,114,13
draft_brand_pfnzJMLm4Hwt7ZRSSnrYzt,fren tubo,117,6
draft_brand_Quk6CwYiENncTC5uu2JVWE,frentex,132,4
draft_brand_ErJZBspco9wgTuE9PGWCYw,ftl,293,20
draft_brand_dGCHhrySJrJCeSxj7NQ5dH,ftr,203,3
draft_brand_hca9mz2E35kY4fd8jQUp9a,fuel injector,143,9
draft_brand_BSCHurm3zMnbPABwY7TcfZ,fuji racing,270,7
draft_brand_pWDJ5bpUNcwopnfabNHz1a,fujitoyo,298,32
draft_brand_FyCMWL6wNXPLKRf4iEmcZf,full boar,118,12
draft_brand_7evscqM4syLSS4oZ5w7fZb,full-e charged,105,5
draft_brand_eY6VDo1FMQsnwBUuFySBad,funfuncar168,134,4
draft_brand_K88vaWbFEjZoVYzcQZ1eoJ,funk motorsport,720,9
draft_brand_rPgxuYHT7zxkXgzemXx3Yy,future design,113,4
draft_brand_sgpB2xya9XzwQzkLeFRyEw,fvbhuopdr,107,3
draft_brand_6xEmLJyHyvLacbvGCAyDDN,fvp ride control/monroe,135,6
draft_brand_GnxMkrQ8FuH5RbstWcSEqC,fwc,201,3
draft_brand_x9bxULp1o5Qbgcqz2E35VQ,fwmt,230,8
draft_brand_MVGxWWWgPfQkhKNh8njoio,fxjemblem,147,6
draft_brand_5sMo9FEdPuG7FFGx6bD3gg,fzt,154,8
draft_brand_DahQ42AFXM2YJRxvpnBPop,g-hui,304,7
draft_brand_aFb9XA1dF5NLHApZQ9fdtP,gagadi,169,5
draft_brand_szo3pVtj6w1degFbqKKDtv,gakken,149,7
draft_brand_idLkGFtjtZromdjzc9CkC6,gallop auto parts,193,6
draft_brand_qQHuYGx5GGmqazmWX92pQ1,garageracing,122,3
draft_brand_k75PpASHbMRRAxJ4LGxL3h,gardentopstar,181,6
draft_brand_abZT27E85xhXXp7suwPJUe,gartenzube,191,5
draft_brand_n3xsB68yEp6WMrFqeYvT5o,garveetech,286,21
draft_brand_tAggtmGteuFK7rxv2s7Rzg,gasekan,191,9
draft_brand_wuKiJcQd2zqEMnq5CqwZYA,gd,137,8
draft_brand_YSGf4M7zywvU85sXPbQPTr,gdengineering,110,3
draft_brand_XWJXU7dS8UHJ66GmQe8N1P,gdin,186,5
draft_brand_Nbnsn3gpcJRSBfgHtpHB9S,gear gremlin,115,22
draft_brand_dwYzCmriazYJPhyH3rWVgt,gearheadgarageoutlet,154,6
draft_brand_9SZAHxryixn5rVa2qNuTm4,gearproauto,176,7
draft_brand_x3bTbZo2Z4Z8p7G2CiMSGW,gearworks,140,4
draft_brand_wstqRMnfBzRvN7pumfLRVV,gee,132,3
draft_brand_G39ELxi4KS1MKJLCBTqQ6M,geeany,101,3
draft_brand_X7QyWkwTSKKn2YpzCnZV9N,geezer-autoparts,334,3
draft_brand_ixaNhVZX3gA8eSamaJ74EZ,genuine intake manifold,193,3
draft_brand_XHjM79QYpgNyseQ2g2Wwpy,genuine line assembly - suction,267,3
draft_brand_uhUnwwUVSuaxttT7EPYG6a,genuine motors,303,15
draft_brand_W7YbSY5UiKBKSNBPbUGo96,genuine thermostat assy,153,4
draft_brand_e7AQSjeUVYi4JywK7sxdpo,gerbing heated clothing,427,7
draft_brand_njLPCLUCarSbWXCPfpTeaG,gev,243,15
draft_brand_CTBwzxG26j6Fp7SACyvHnA,ggddjec,135,3
draft_brand_9wweqexa7VAAgbKmcbZikk,ggp-auto-parts,226,4
draft_brand_d6SgXvVBq25AJnvQeyof76,giant-auto-parts,207,5
draft_brand_RrHi2Y7q8rYXefVie7KNA7,gibson performance,130,21
draft_brand_sMx6AcAiW9XDjmoo7dEaeN,gikmen,137,5
draft_brand_L4Z7Q4r4ki2P5MqtUzsuAN,giotti victoria,148,3
draft_brand_XH2q1KCK6qS815boTrxrhM,gipro,280,10
draft_brand_u3UKJpiQqQBTfKyrDiY5c4,gist,280,3
draft_brand_v8taEA85Noi9H4M8ivPHRP,gking-carplay-best,149,17
draft_brand_EqA6YY1c5v5DF1KULdiamu,gkpssurv,316,12
draft_brand_8vT7KdnGcT7zznXTQoSk8v,global auto,168,7
draft_brand_TwCizMU3Cz9qkR3P7uZ1bK,global drt,341,3
draft_brand_BYAQdf3J8tGJtiQoVxr9r1,gloso,292,6
draft_brand_Un9Tui3az5wKSAZTqSugRk,glowspeed,133,5
draft_brand_1NZDEYbGuWJBwWLz5pBTwp,glysantin,165,8
draft_brand_p2GoxZZoshCdiXwooKad2P,gm general motors,138,3
draft_brand_DvCde1Y7uqjE72DUs5cMWq,gm opel,101,13
draft_brand_VDFHx4hfMjwF8oXva6ShHm,gm replacement,164,5
draft_brand_ZuzxDXCaphfv4QK4VvBchz,gng,200,16
draft_brand_cqdwKpe9p2NWbMDXBgPUge,goggomobil,279,33
draft_brand_kcuBJXrJhEz3DT4YZq7bHC,gogo_motor,150,9
draft_brand_W3HTFi9f7JGVqizD73UUsW,goldenmotor,162,8
draft_brand_UnMAhgEqWx4NF9GaziV2BH,goldmine,126,8
draft_brand_5xFUhMuf3vtMJBP5fjmD82,golf mk4,109,36
draft_brand_a6kXnvfhSvY7anasS6BU6g,golfcarts,179,13
draft_brand_amZH6XjMZwaMb7AfyAwK2g,gonow,312,7
draft_brand_sh8xvY3WzRkz7siSRVW3Bb,goobay,158,32
draft_brand_qCwyYXY3JVkarL4UtM3zAb,goodeal-2022,262,7
draft_brand_GvqWDKu2TJwrL1LPCyZkz6,goodluck-auto,146,11
draft_brand_AdGJKoWazXaeQZGmM1udEg,gopowersports,120,8
draft_brand_E8MbRqXDFa5HFkhjzM5tqi,gori6596,132,8
draft_brand_T32Kw1o4DwikkYtWzqLo6L,gosensors,126,3
draft_brand_n97TFyGRY8gdmCihkevcJ9,gotham,111,6
draft_brand_hebuKnEEYTNjcNe7FXfUUP,gotrax,223,51
draft_brand_xZcD6WASFfDqT9T3SNTrTT,gpsnavtech,264,3
draft_brand_d4UgWAitt69L3oLw3pCy44,grabenparts,253,14
draft_brand_konn77qpGVtwtigRh5Wd8L,granit,188,35
draft_brand_J31GEY9W8iV7rg8L6qZu85,graphite,171,5
draft_brand_jjb6AnrhxSbAX63Hvpcaop,greatmotor_7,200,3
draft_brand_vm5Q74gT6w8o1n1byQj3jo,greatnavin,108,10
draft_brand_erUVBz1cAHB2SVGTk1TJF2,greenstar,122,52
draft_brand_uCVriFNFTroTnPgyw4bmRP,grgrocer,221,11
draft_brand_V5fAQeq19eFnSeReRT4zY8,ground up motors,158,8
draft_brand_WYo93eKT8pABmRiXHPc46d,grover products,253,3
draft_brand_HUHyzUwYVhcFHMe25wKtK4,grs-parts01,132,5
draft_brand_KpqwUNsNusovxytm1nBrnU,gslk-st,327,7
draft_brand_m2HQhqa52UAwkLW1Tu8SVw,gsn,110,4
draft_brand_JTctVwYTeSo95akCDkbYM1,guchengcountyxu0,304,6
draft_brand_pdGuuasg7VfU7nXYf9uzZL,gudepol,160,7
draft_brand_F3KG8JsP2FjTkQ33wKm7mS,guge-64 autoparts,263,5
draft_brand_LR5Z2ykCcS8vEANnDgPQLR,gute,174,3
draft_brand_s9d1RVRZSwKA98qwFpizn3,guwang_car_world,191,5
draft_brand_rBaCrdreSmbrn9A8ZRD5f2,guzzi,270,38
draft_brand_XBdyoBpnHScmvRxymri64Q,gwm,171,57
draft_brand_4Chnsw7EYK5j2aq6MP6Dd6,gxoffroadlight,310,4
draft_brand_MmyYjRqxDWfbEUTFEbANfC,gxywady,111,99
draft_brand_SPmP7cCjQxRUryJzun1JyX,gys,263,35
draft_brand_sENf7DQKzP8M3e8EPtqRKh,gz1023,193,6
draft_brand_9hzSDZ743WLf5rreXJwGY6,haas,410,131
draft_brand_uJpUnyP3cSPzX7unUVqwGt,hagan88,158,3
draft_brand_vSeQmTccrzUqo4MsS1BH6u,hama,224,77
draft_brand_dofxPjZSyypP1vfKMM3SfT,hamburg,319,6
draft_brand_EjNHdxFDmjGukraMPxAnUr,hamburg technic oem,156,3
draft_brand_TCpMUbsyihk9iVTjRy7uTk,handlebars,217,7
draft_brand_sPtvu3GuHnc55jMVUD72xf,hanson,204,15
draft_brand_sZg1WRoch25tWuyDVyhyz7,haoyu,148,3
draft_brand_jqFAvSJKsaGxWg96jx11mN,happystar,103,5
draft_brand_Lm84cbuHRMHmG4PHbwDagQ,hardjodr,250,3
draft_brand_FdkCLKtZw6UmcikvVmXvb3,harley davidson aermacchi,172,17
draft_brand_XcLKGHyZFvkJcDVE8Wakc7,harper moto,191,3
draft_brand_T2A3UMcz2z9nHfximHWM5r,hartford,147,15
draft_brand_G5vDJyzE5H7p1tAi1tjBGR,hasoo,189,3
draft_brand_ZPmaffWWcZNiMSt1JejMJB,hata,100,17
draft_brand_PnFxBeQnx1mPUizo4K3HTB,hauley,228,6
draft_brand_GL1UMpcQMyWijL2PdTfMM7,haval,126,41
draft_brand_uvARiMKArkYFScV95R6fRk,"haynes manuals n. america, inc.",152,16
draft_brand_tksw6FdEzE6z2GrYfS6eUe,hcspeed,217,4
draft_brand_Eg2sNV7ZBUi4myZpVoLFjZ,hdm,201,4
draft_brand_LTDcJHDAZcskCEXZLHLfcR,heavy duty,141,53
draft_brand_8msWoB9SbcgFc1QJC2QhQM,heavydutyparts,116,3
draft_brand_mCV6nb2KPvjD4E3aSBCgXT,heigoal,154,3
draft_brand_wm9bUEFXhEghvA3BQyknvB,heisenberg,284,16
draft_brand_AT9dExiPmvmseUEaU4oDVq,heliumflashes auto parts,202,7
draft_brand_aiuqbCyxrDVzswL6CmpruY,hella brakes,211,4
draft_brand_sBkQJphCgAGBs3E2ErGKVq,hensim,153,8
draft_brand_d9KVE7gFaHEwqs1Pg4yk6H,herkules,165,33
draft_brand_fA38d9vm9N37sLrAqtn6M3,hewea,257,10
draft_brand_GoXgWVDKShcF9Tqkao1P22,hhmotorsfactory,108,3
draft_brand_v73RQ6rKrEEaND6VtqXmdV,hi-flex,269,3
draft_brand_jUz29RkSADJY3SEoMRyXM3,high lifter tire & wheel by sti,163,3
draft_brand_SDgA1ruLXtCFrTTvS5MdgD,hikuys-11,140,8
draft_brand_F89BV7QVmhNvpwLx4orbmu,hjr products,220,4
draft_brand_8PZUvPMDvxdPS3Xce3hi9m,hkao99,344,7
draft_brand_wRyNCNs1BjCvwBfKKGmton,hkingoxia,144,7
draft_brand_uC8V3zRpo6jsWjwgDDfdxu,hkzhaoyu,262,14
draft_brand_s6zHGZDQY9iCtN9QMivwZk,hmc billet,192,3
draft_brand_nU9F6GaDoSBmVj1vnzrrBS,hmg,225,11
draft_brand_VH3t2K3BiAZ8tyUU21PAWY,hnw,235,4
draft_brand_pGuuUyXb9tGGWbBAmF8zy6,hoffmann,119,19
draft_brand_GMYc4TmfvAQX3zSrGSPdS5,homtru,173,3
draft_brand_KvHwvo7papEqLwG2N6eQqs,honda (original oe),163,37
draft_brand_sY1CiwAw7Ct6JYp14rs1Te,honda oe,176,3
draft_brand_eVYMqT26U5WGfYwL4XqVCf,honda yamaha,166,15
draft_brand_BeQFjbGyxuNjutdiisNkpi,hong sung brake,127,4
draft_brand_veQuwVndXCrPMbVqbnbFWp,hontai,130,3
draft_brand_w3wPB7U6mLXiyZrWdmKqBt,honuo-autoteile,187,25
draft_brand_FV668tzUz7tgZZsvGFXvX9,hook,19053,26
draft_brand_X9EeGniySigdJk15im6wDY,hop,344,6
draft_brand_mKBsDdBCQFp9JeB3vaSy2g,howe racing enterprises,112,4
draft_brand_RUmZe2L8rBTZJQSjm5BSQP,hq-88,108,4
draft_brand_KDiHeCjgrMLqKtQVLb67qC,hrp sports,100,9
draft_brand_wR9Y7JnVDC1zmPVKVQh2ej,hs-motorradteile,156,13
draft_brand_r5uB278T3gzti1f2Z5M5qU,htasfga,172,6
draft_brand_k6FFNp72NvZCpzz2GmngBM,hualey-racing,146,4
draft_brand_xnFRVKsjP7kCDBP4oXrHfw,hualy,149,7
draft_brand_vrhRgeAHmiw8b1BzVvvhmb,hub rings,199,4
draft_brand_oR2XnFejNAGnZ6Reb1rMzH,huon-drive,293,7
draft_brand_9qpt1s4rX4TBiDbyetomJT,huon-drive autoparts,316,6
draft_brand_1LEHCUFkdoGMskybPCVMA2,husaberg (original oe),102,13
draft_brand_u8iZEtw4PrhfFLZJZ3m6XT,hyosung (original oe),1998,145
draft_brand_jwMAXKEg9WTeqqxarRkNKa,hyundi,110,18
draft_brand_hX9D4TxRMPzJSo9s1TCjXX,hzj,103,10
draft_brand_qQ55yzLms3GdCzodNdUaBC,hzs,236,3
draft_brand_dxHHaZKguE4ebsTFhH2VP2,i k,177,6
draft_brand_GswtynasrKVYYtShPBzhov,ibras (nifea),293,3
draft_brand_RBbWvN4EZNd2g85QDPZTbb,iclover,104,15
draft_brand_wUvtkfpBi3F6G4Qz5q6Uxn,icooh,115,3
draft_brand_SWUAUvKoRFP6b633HEwtPk,id,211,8
draft_brand_7C7ouzSKFiKEFn7kSihHdn,ig,1403,17
draft_brand_6of7aomdJnxcMYSZCtTT6H,igi,224,8
draft_brand_epcUdJvhVrjkWQBWdZPEcC,iguana,200,20
draft_brand_EBoWmwJy2CxXk4garK6g2c,im parts,135,4
draft_brand_e74647QWauu8QsCu4CBuNc,iman365,192,7
draft_brand_cShyLJ47tjwGnESWdGkh95,imars,192,14
draft_brand_tpkdCEhWS7H1KvEFxh34xh,imca,134,10
draft_brand_a5y2ciykLB2JwHAZqtk767,imf,311,5
draft_brand_zwdRy82kHX2C6iyBy2owrn,impact auto parts,117,3
draft_brand_YYGD9JsuAezKQmosVSX6vw,imported,120,20
draft_brand_m2xC2jLsmx41VLnKHKLR89,impreza,101,42
draft_brand_fkjXEhAbQGZLc8zyrbPc78,ims verbindungstechnik gmbh & co. kg,143,5
draft_brand_XaU5x77gz3tw5uSNvwvQ5T,industrial-part,115,8
draft_brand_G3kxcLVD5yqtCmb9h76KfN,infinite auto parts,197,13
draft_brand_URwaxDWPABj9xAXQEKGrw8,infiniti oem accessories,121,14
draft_brand_icALamTB3Hb6TqAJjneVuz,inno_bike,317,3
draft_brand_uVvbgPpKU93EMpHsyQ8LbE,innovo,271,17
draft_brand_ZcBTyMuhUfM8WmdEXVM1LB,inter turbo,251,4
draft_brand_RymQzHTRvpFP41bFnEN4oa,interbrake,105,5
draft_brand_eQ6SKdU52TxhtmCvuy6kVS,intercooleraccessory,197,3
draft_brand_eq8MU9Au1yhkrAiEVT7mMu,interior parts,260,84
draft_brand_dxBHW444D8q6V8XBijBQDY,internal engine parts group,154,4
draft_brand_CrH93HveEJXqsri5gh3M4n,into the wilderness,108,4
draft_brand_DvH6P2UTdSwnYhAFfQhDhb,ipe,223,12
draft_brand_VqANm1ErTBsigYc8ZZXrhM,iron growl,143,4
draft_brand_RCDShjGjX55ArxzErDSxQb,ironbrotherhood,411,8
draft_brand_FTkNyzYxJ7tA9NUA3KvPde,ironwrench,241,7
draft_brand_L5Lhmtn3HZBvzt64NrA8F5,iseki,308,22
draft_brand_WtH9x9vFzH41TGV3t2MmE6,isharing-parts,224,5
draft_brand_9PpqLvYa2weqgrKBAptudX,isomoto,147,3
draft_brand_FkaPK2xXY7AifULBG3KVsd,isopon,231,64
draft_brand_bMoqCcEg7sdLqipxQ6XyxF,italjet (original oe),158,22
draft_brand_zuonDDRwb2duV4BB1bxjeM,italy,118,21
draft_brand_915gjJPiYj5wvevRsdspoA,iwis ketten,138,10
draft_brand_JNDGngFjXTxmMtdnbkx46n,j&d fiberglass,108,3
draft_brand_GCVAy7G3yJg1HxiBwkuHT6,ja,155,6
draft_brand_d5omNvk8qajZDDpSWwFSeg,jacketpart,301,5
draft_brand_vNyBApuByhxyWuhmh3eYdt,jafowsey,168,3
draft_brand_fK1KbRxL7vCAKph8CD9Ys2,jatiler,465,142
draft_brand_akFJpsxbWqkqqfM8PvSJxy,jaxivo,110,25
draft_brand_FpXoker8wPRttQMYHyK87j,jdyojyrhasedr70,229,4
draft_brand_rSNCc9kV7qD83iH4weGZyG,jepson,104,17
draft_brand_Ao7nC91GD4GFWLUZks1sjJ,jetta,125,58
draft_brand_m8Awb6bUYSMaWzWzYVZz6F,jiffy kit,125,7
draft_brand_je7bao9QEnCiaiB4Db9WQ4,jincheng,100,8
draft_brand_r6gkoVRKM4NoibWNFRVubC,jis,166,11
draft_brand_JfqJ1HT79tA62GaqjC6EEJ,jivecar-accessories,150,3
draft_brand_cuf4K7mL3HA5rT45ipm7Vr,jivelum,269,10
draft_brand_wr3y1SFMhiqgHxog4gNuVG,jm,208,16
draft_brand_hEkg8H6wC6m4kj84QsAKnq,jmgb,243,4
draft_brand_JvMamk3BCBBWzA2aaEAJTB,jnaame,105,3
draft_brand_jk8ttgREGzuapd1FFevwqZ,johnny pag,199,7
draft_brand_zQmaAbLEfq5URxgdfdF7Tg,jones racing,139,6
draft_brand_NE7TfJFxisdUKdRuVUw59r,jorest,158,93
draft_brand_Ki3Xo5dNE6NSJiFYzs6UzJ,jorg,138,10
draft_brand_sVW2R66L7osBHp6AZvt1vC,jpodm,165,8
draft_brand_kWG9PzPV6dyqiRL7FhU5cN,jrspec,326,3
draft_brand_d5YsEBA8G77pJgQ8BvX5v5,jt chains,136,3
draft_brand_UoQ4AVkux39YUtMamNkrUh,jt-motor,202,4
draft_brand_wUuQk3Kv4bBoJ2Mw5588Gp,jttrading,136,8
draft_brand_cmCZWiLXGiRPBt6zrCRVCh,justech,111,73
draft_brand_7hiZHsSETLCoHTsgmfwi5A,justhunder,138,14
draft_brand_KKmN8Evuyv4MJoCTRNrFVd,jw,181,19
draft_brand_WKRaVHLn4uNmjj849MQQYG,jxauto,267,9
draft_brand_DpX2CZrWptsVuhUWWpH27f,jxautopart,212,6
draft_brand_inMer2ExMYxxVw1pmAgvdG,jxmyauto,208,7
draft_brand_4WSSux4aEDz8smqscMkT3X,jy bodykit,193,3
draft_brand_D4DuBW6KuiawB7K3UEggK6,jyauto,115,7
draft_brand_VfN13n9LoKR2r3HyX4RtZb,k.c,142,4
draft_brand_uyL9L77au7xCLkkAGArZBJ,kafer,118,5
draft_brand_QAZGWTHxpNDcVzDmcjrKmj,kage,102,4
draft_brand_CpXDUGj2kSP2tVLnP3nFk4,kaitao,216,3
draft_brand_QNyrrnP7fLLC6zGPU7yXTJ,kalamaworks,126,7
draft_brand_KuPGLm4U1gPTdhpvq7KVGf,kalana parts,159,13
draft_brand_JMs1X83mcf3QgKuXN4NCLD,kamui,338,7
draft_brand_dkKrKxkvVnooMRPzDDBGFC,kaolali,109,58
draft_brand_2qsj1JBJRWUfZj5biV9DgA,kap uk,337,10
draft_brand_iWj5ocPceY2qRUseFSxzj7,karcoma,147,21
draft_brand_eE6W8yUx2Ts8PxU6p42D68,karmann,170,80
draft_brand_pXXxpEPwFT4yuawH5B5v8f,kartols,150,8
draft_brand_7HMCWNQpdtPMLCGKiawSDJ,kasturrboo,214,96
draft_brand_y6Wq71xBdWYsVcCq49f9os,katur,104,73
draft_brand_8nvpi1ncWQUd6G9mLj7xnQ,kawazuki,134,8
draft_brand_DQQyEXpvJiX5iDspxqi2ha,kba,8758,44
draft_brand_FqEJVAPHtCRxDFzS8pb5Ky,kdg,141,4
draft_brand_yHBaZpwGpU7R8yX6GP6QBW,kdl technologies,131,3
draft_brand_brmLn6u2tUZFzL3Zp5fpEu,kdsg,174,3
draft_brand_haot5cbMcQMT32uw4LHjmD,ke,334,16
draft_brand_t3dQ1a5s9kmn59woGHk4DU,ke-auto,180,3
draft_brand_pP1oYt5MmbcgDQbBAEL6x8,ke-autoparts,285,27
draft_brand_QSRo3PtBS1esCdrSftr6Vo,keefc,189,17
draft_brand_z6dUt5XkKzUioVhAFeoBZ2,keeway (original oe),2477,91
draft_brand_MzBhVwJduw6Wg3tCPUjvaV,keloke,189,46
draft_brand_J695y2PXNuV5TH7svDdLpS,kepeak,102,32
draft_brand_qcwFgMYptUW87v5Snvn7sX,kepspeed,104,3
draft_brand_wsbaB3D9seusDUDyJYA7XD,key-bear,281,5
draft_brand_S73uFGJyHg1mpwoS6joBFt,kia (genuine oe),120,9
draft_brand_Xhyx442nsJ3cm8QVMFMyJH,kia oe,299,27
draft_brand_jWg2Kp9rQFG1NeE2tS6ToU,kienzle,156,109
draft_brand_qGQcu8zYNsj9D7GkEvwQjP,kigo,272,3
draft_brand_aKucGqidhNjJzFTMUraZCJ,kimiss,133,64
draft_brand_TzhNjha426jyYKZs6fmYcK,kingdoma-0,259,4
draft_brand_Vd9P6E5dbFPUeJ8bHvWhff,km4uk,2473,27
draft_brand_JFZCsjqRCLbXJK1PQogdFw,kme,224,26
draft_brand_sTW3xXSGFCkTpFnx6Cahez,knight auto parts,160,9
draft_brand_nY3PADktKp3VEKoBzhQjnB,kns performance parts,160,8
draft_brand_zwf6BqbdXc3pqsvmbJwxnF,ko lighting,182,3
draft_brand_tJdzY9zywmAseafZ9mLg7a,koason,126,7
draft_brand_Wx7LKxnLsxDjCEtoffa4pW,kode,228,5
draft_brand_DsjVD7bbcUhZwfUFFXPgLh,kolanky,287,6
draft_brand_gL6UtZzZnGRoCj8ST21srt,kolya,103,15
draft_brand_k93ggz4ERjqDPHK1Ufcd8L,konnekt,337,9
draft_brand_x7cXP6nQuzkFmyPBRmNJdr,konpulees,140,8
draft_brand_nYeSJjSAZG5bgyHZAg5Q8W,korea auto parts,242,6
draft_brand_bu1Kv5BRoHAkEj5qZvoHzD,koubalinks,101,7
draft_brand_QS7uvVh6WcbjmR9LHMXUot,kove,299,28
draft_brand_UJSTKMzBNPhUZMqPLUGuKv,kraftmann,209,14
draft_brand_CoysXoEhdxWGVLJ9hmMDut,krauser,172,58
draft_brand_zjqJBZjT3cx4SrTrNSAt7z,kreidler (original oe),193,52
draft_brand_KhAUfH2aXJeRLXqoyr1AZR,krw,139,3
draft_brand_8GB1TMatLaBHPPkAyCdhoh,ktl,289,3
draft_brand_E3T9Fa4gymtC9t13Fj2Ncg,ktotras,111,3
draft_brand_zvnJZrtLgXLc2KgUQP5TR5,kuanran,294,4
draft_brand_eLrVxE68VkL7bNJrsCcGcy,kubler,125,3
draft_brand_bPoYL3izK31NF7ZfnaPPMc,kuhner,104,3
draft_brand_zcz7YapEZvDCUQqLM4Ui38,kukifun,121,4
draft_brand_que61Hjqm8WUJyth6vSYsh,kungfu graphics,214,4
draft_brand_hYsfyiEt17VNeGMzrPm9bR,kussgp,311,10
draft_brand_igDe9w14xN6pohY2Eibigo,kwazar,175,8
draft_brand_AdE6Fz83LGDannm6Pfrg58,kwenterprise,130,21
draft_brand_jMrMDsJfnTza6XfW9biTkY,l,215,15
draft_brand_9mGgpE9YM6xR8tYBHViqMt,la speedometer gear,156,5
draft_brand_yTbSGdvP3eDsFysn3WfhJD,labwork-part,207,3
draft_brand_SnyYbNWN1skBJ67pVzTSkM,lakers auto parts,108,13
draft_brand_VBTnFBexofiEW7APnGFZhQ,lal products,120,5
draft_brand_rDAkVCh6hQ2N7BXPoq4afD,lamdemotor,205,7
draft_brand_5aXRLjYQVFQi6RaS46K66t,lancer products,160,33
draft_brand_G9aFdd19eZNMGTWuXWFV3E,land range rover,290,25
draft_brand_wnQ1mbauLDpavC3BbuRzUw,land rover oe,193,14
draft_brand_6dp1LWREckJP9ZNaqWAyyv,lanfrienddiy workshop,170,3
draft_brand_63zre5hoZAWamjYn7fJCby,lasscar,196,3
draft_brand_Vv3tasRBeii7jJeYB2PKZr,lbl,306,8
draft_brand_noLcSUTrXGEL81UYfHrKPg,leap auto parts,308,3
draft_brand_m2noeA37LF8LLmiFLhfpfc,lectrotab,141,13
draft_brand_R7L4XkAAz8q9XRJxPb1dzJ,ledkito,130,18
draft_brand_7KUFBG1oJqpNRb2LmMiSdF,ledmircy,288,18
draft_brand_amwGL1GvEGTJhq5etp5Hd2,ledrie,223,20
draft_brand_pxrzFLf5Lzr5i73ppN7B2p,leehard,312,9
draft_brand_VKQa5JzY4XAQnKmy6GjX8W,legend-auto-parts,232,3
draft_brand_KUZv1tedUCyKsCs61aWYjK,legendary auto interiors upholstery,275,6
draft_brand_HcwdzgQpfe1uAefgivGCHh,leisahk-autoparts,271,17
draft_brand_cxwfEyCQwdRCwaKvoidTza,lek one,241,7
draft_brand_aPzqTgzpk1fkhKXpiZWjjP,lemania energy,337,13
draft_brand_sfQPewKQTtC1zAwxtjcNqr,lemasson,102,26
draft_brand_oRTUVAXRxLxLykSWdzr7QF,lemmerz,109,66
draft_brand_o4y29A3cJ9xRDW6vP8GtSM,leoch,278,28
draft_brand_Kn2GSehfnf6RMqu6oMjmv9,les03,344,9
draft_brand_hhQCdSPrB4BmWkdyLkRjcP,lesonal,190,17
draft_brand_LMTLygvBrhERqikjQibr49,lex,3641,41
draft_brand_WxoqkaWCowPP89BNwzNAK3,lexus genuine oem,182,19
draft_brand_6P99JtxvvkonAVS5o4Pi6c,lexus oem,100,12
draft_brand_DCPUiZgtD8A2QkZiUkSrZm,lg display,100,5
draft_brand_VVUHNV8w4vk6WFSb6DXNGu,lg electronics,158,27
draft_brand_9bWrrX1SFJM7pTaMGREQcF,lionauto,197,19
draft_brand_zqZmbHeNgvpMGARUtLppNT,litillbuly,183,5
draft_brand_KSoMkAePDBPwvqrNVQv8Dk,llumar window film,117,4
draft_brand_hFSzXcvBaAnEi94pyFpNyn,lma,144,25
draft_brand_rtHdEcypVQWuPsR4RkSFqH,lo,14141,17
draft_brand_4mPxtZdisuTHYWjkvkSXja,loncin,248,27
draft_brand_AEFPZ5tB8be9KmBhoLZDuZ,longride,261,8
draft_brand_CCysXNMLTpSBFN1qQ5QM7a,longxing,182,6
draft_brand_in9uYpA9h7vAY93SLWN4RX,los angeles for radiator,231,4
draft_brand_taUj5Q4JqQrUYQjvaQ77az,loster_screens,121,3
draft_brand_TS2wGEAoEV7CYkyz4K7bif,lotmove,172,7
draft_brand_41oaxAJjf79uV1sk4nf39m,louis,171,113
draft_brand_oxcQzzAfLJ31nmZxEDKaj7,lovecarauto,259,8
draft_brand_gzyEFVDcNe7MMNVKTYJvdW,lowdoller motorsports,162,7
draft_brand_ihnB4tGTtX8iTvtPzSmXCT,lp batteries,141,3
draft_brand_FVJbLEJYKMFgBTa8685yi5,lpb,4737,107
draft_brand_QSTsb3izphwh7SZRKcFzen,lpgtech,111,10
draft_brand_9Jat9XGYaYUPaPoFfHTtQk,ls parts,177,4
draft_brand_SmE2iFVJ9GsiLHCGZz3z9q,lsgcq,106,67
draft_brand_Y7p4u7cAZiEooSbmHPzXiq,lsi,113,6
draft_brand_88My1tDRNoRXLK2paS2su8,lu-auto,213,10
draft_brand_ZEdqHMNtD3xXeB5ppBid1y,luckyautoparts,285,5
draft_brand_ofZoM4XgfAif9KBkcgte7A,luckyparts0,240,3
draft_brand_X9faEEB9B9fFywKhWnD4Hn,luckzcmy,104,8
draft_brand_brGyeShmFTqgK2f7VhXima,lumenition,176,30
draft_brand_zBfPprcwqezVqUndj8u9EJ,lumex,130,3
draft_brand_PSE1JoS6e7PRZaUTFLJmMz,luminary,229,19
draft_brand_92Apn8Dm4TDPuCGRDvNiBw,lumway,100,12
draft_brand_b43mX9Gp595yTT5fEu71zV,lushandy,188,11
draft_brand_ixhuxpLrTFXghS2dXX9XKR,luywte,221,5
draft_brand_qLBy6VWfbconqpMtaUMRqD,lyo,150,7
draft_brand_iERsJ39HpnY9ihVUUMrDin,maclite,277,10
draft_brand_cF2nsxxGEYE2B5SWcotk5e,madaur,234,10
draft_brand_LzctbgTnPt8PK8H1BiYgkC,made in china,150,57
draft_brand_cBWMrzZs15ikBnYnBXPbEi,made in eu,166,11
draft_brand_qQzYAkpagP18TKyK3xwBBX,made in korea,277,9
draft_brand_S5w9k5jAHmdz4ZDiBLweCX,mafer-0915,306,3
draft_brand_tQb5PBoxQcSJsU1CgaEWA7,magic car parts,270,14
draft_brand_DPbAB4pY6LKSsan8hKTVpZ,magneti,214,22
draft_brand_fFq76Yf6qVgvv2Ym8y57aN,maintenance motong,220,4
draft_brand_WRf1RvUSvskjj1GMGyLCzk,make,120,9
draft_brand_yjRJkWYmhtMvWPvnPeEhNm,malaguti (original oe),277,47
draft_brand_3RKJEkHHCizJr8t3SpTiuK,malanca,268,17
draft_brand_kGUPPP9J7nuff5CP9EjghN,mall,157,7
draft_brand_BGPYdZ4RPKs62j649sAXqb,man truck,122,3
draft_brand_Wn7nRJD4DVTQumupn1C2zJ,manaloa,200,8
draft_brand_2vSheVCyr4Lq9STYsNCma8,maniol,6685,3
draft_brand_TBNSfb6GkVs7pbJWFGE7zc,manjia,139,4
draft_brand_wxp4ykuqBF17NxC8UcXTSC,markenhersteller,4671,79
draft_brand_rWiagiHgd8kVT7m9a5Yo7R,marsitter,164,6
draft_brand_ec3NtYuJrFaUL5QyLwiHxg,masa,179,3
draft_brand_McDv7kdhwouYW44uWceyHt,master-sport germany,294,7
draft_brand_Z5vvXwGvzGtmnSghCuH4DR,max cool,134,5
draft_brand_aRMw3ex6bfL8SeRahgMwFB,maxicarbon,252,3
draft_brand_i9DzVhdnkt8dinRS7p1CnZ,maxispares,160,4
draft_brand_UdhbrYPF1mTwZ5n4w8ZfH2,maxnology,242,6
draft_brand_F4mrLTgMmrfJ3Aji43f2Ry,maxxindustries,193,8
draft_brand_ZtJrxZ6192wr4S5TtL7P7E,mazda oe,228,18
draft_brand_bGTbJimwBX9xTKZWVVwhDg,mbsmfg,138,3
draft_brand_dQqjLfCckTsMvi2oPPhvBh,mcar,291,9
draft_brand_QpksUqdqxBQxRbyMjhcq12,mcd,217,4
draft_brand_Wi5ZKedg5CHUAwZ7rfLa3U,mcfortywiner,313,9
draft_brand_gC6vigTMavUtXi5fK6oiyg,mcrginly,110,3
draft_brand_ipQ1KwytFEa9FebcMmGFXT,md racing,207,10
draft_brand_92TRE4XAYULME1CLVtg3u4,mdoigt,101,8
draft_brand_H2pPrnDH3yTdtQXAbSopBy,meat and doria,573,3
draft_brand_WXnEf1XU2DSGPupTjHnAGZ,meca system,199,4
draft_brand_23f4Jovon7qrBFqkoqCTPQ,mechman high output alternators,153,3
draft_brand_aUDBUWZ7uRVHo8Tgb7cRSr,medtronic,100,72
draft_brand_q7k1tnXCT7MJrCGQSug9S6,meitu power auto parts,152,3
draft_brand_DQQAijsJCru9nbPn63zA9h,mentasti,337,4
draft_brand_pEoEYEYZsbYVJvMGNZUJvC,meoma,269,7
draft_brand_KB4nE41Rak7ZkLnFe4ftff,mercede,116,66
draft_brand_m7semPxeAEM1cn8h3NDai7,mercedes sl r230,193,9
draft_brand_nR2BBBuDWNmer3pzBp5JLL,mercedes-benz oe,2732,53
draft_brand_qMWmBUy8qusvSAtLg2kV4U,mercedesgrills.com,102,3
draft_brand_MLoDggJhznr2R3ngFRyzLS,merceds,308,73
draft_brand_aEayDBzBRRkxcUgdtVM3P9,metal fx utv,102,3
draft_brand_7NQM5kQSvM7jHQr1KAdF3p,meyle ag,103,6
draft_brand_z28cdBAvEBtoruJ2Ycpi3n,meyle germany,274,3
draft_brand_rfSJJJXkn6FNrJBp7DyjBZ,mguard,295,3
draft_brand_hxYyUkTfYwSCVKnMzmXsGg,mhw,282,16
draft_brand_EpmkWzCBe7n9RVjuLfqwi2,mikesmontes,152,10
draft_brand_YJZ5mraVkrtPrwVQdkj6AK,mileslightparts,119,10
draft_brand_G6bUUyRU3tNkju656dSYKD,mine,129,13
draft_brand_f5re27JDUyJZpMJ9ssm68N,ming-z,142,3
draft_brand_UE9eVACUkRkbdozfagdZfB,mingbells,164,5
draft_brand_4C4a2iRPdmUwAboqNocdgn,mingc41,330,7
draft_brand_xWpYM91p6cNvvKQBL5TEND,mini oe,144,14
draft_brand_3uhHvxHNnrwHP83dL5fJkx,minichamps,176,12
draft_brand_xz3PbvmAcph4FmEWcEP6GL,miracle,193,13
draft_brand_3fAuUp3yryimYLFQvKQ5t9,miscellaneous - cars,133,7
draft_brand_iwH9T7VnXp1tFLtq8vFHRe,misfit,123,3
draft_brand_rwR7srnoSa7S1EgHQ91AZe,mitsubis,132,6
draft_brand_bHBMchJTXfXNbHwS4WbnQu,mitsubish,176,55
draft_brand_DNfhu4AfbFYUUiFAWNGSaZ,mitsubishi oe,113,16
draft_brand_b3nB9TyYtneYbkTNfHoFz7,mitsubushi,110,34
draft_brand_NiqsvDbWKWLVzJSw6G23Sd,mk3,275,17
draft_brand_9aLPsiQ83teSdqS4r1dzFf,mm auto parts,152,4
draft_brand_PbRAd99NnvFD3Ncmt6Lt6F,mmb,157,29
draft_brand_LWorwGXcTNyXidUPcSgbDC,mo-autos,204,5
draft_brand_xHsghreqm94DMi7RXPp266,mobidex,234,3
draft_brand_KPjYS41fepVViEb6Bct9Yy,mobilitee,219,3
draft_brand_aaeGRDTxk6pPLUv5KuWVsh,modification,158,3
draft_brand_uzugBDcmHXuQLRkcKwwLBL,modified,107,43
draft_brand_o4KQUXeLVB36zF4FBgAeBW,modifiedcars,122,3
draft_brand_8CZU8uX1hTbpgFcSPpcqkA,mokiton,180,8
draft_brand_aXerMK8cXTzHZ5JizxpgBP,monaco,246,5
draft_brand_T3PQsUeiUWkod1YK215TaW,moo,165,5
draft_brand_95cHKqC8Mse6K9Z1cuw4zX,mookalighting,100,10
draft_brand_MSrqtqGnjFJfBvHp67xur5,mooreaxe,182,6
draft_brand_ry5YRKjcXsMoPC4rondW2y,mopapart,157,3
draft_brand_MRxhQ6S9FPNZNG323YxwkT,morecar autoparts,149,5
draft_brand_ADpf1b9ghkydUy1u3D3c5f,morechioce,200,13
draft_brand_aqkF6geUfPe1kzFqKFNG9a,moroni,137,4
draft_brand_uJ8LUw5iEtNQMeGMecRPpp,moser,116,14
draft_brand_VVEXCYheLcN9MCcKgSGHjU,motaclan,151,6
draft_brand_ipYa66jQiapu8zxSUY2Bi3,motad,214,48
draft_brand_zTcB2Xcqy8htrTYMnpKkT5,motive components,232,23
draft_brand_HLf8HVnBN6gWe5oSv7kSeh,moto-parts168,219,3
draft_brand_rFPaDaZ6W3bv3aMvA8J69f,moto-wilson,150,5
draft_brand_eidz7ddNdw6cQrW3iJveaS,motodisc,124,10
draft_brand_y96jQr4p6qErC7Vi6TxEUf,motoflex,333,9
draft_brand_Ctjzoi1CMpGDLdSqND2J8J,motohub,133,6
draft_brand_jjtHvJK71vffbq6DEc8Sz5,motoking,106,11
draft_brand_f5TECBFrLhSUpEcw3CyNAq,motoparts,306,3
draft_brand_Qu69d5rgXJstRhKN8DePdv,motopolis,156,4
draft_brand_DrDJk61UXbr2T14riHFcSC,motor_autocar,138,3
draft_brand_wszorqxHAqAopBUCJfdnH4,motorcycle accessories,186,45
draft_brand_b46xeWiiMzyoJwCfCLvXtp,motorequipmentmall,102,4
draft_brand_qVXTokK3ZMmhfYquR4Zww3,motorix,211,3
draft_brand_fYVk2QuK2CTBmgwnLJDhK3,motorpartstore,160,10
draft_brand_RZYcL97DfLFYTDLfMn4RrK,motors-92,100,6
draft_brand_Ke9rtZEU8SdgUTiNqWXvvq,motorshopu77,147,12
draft_brand_NY9SPveEZfsanDuXtF5asr,motospec,149,3
draft_brand_sPxAvPFdQp88diafGnPKbA,motosprout,315,3
draft_brand_3TRskU72KBprewuuzyYN7K,mototec,162,6
draft_brand_Hiu1pQx14i1QFdWUtG3Zpo,motron,102,12
draft_brand_C94fyrYyJERLKxn3WH4LoU,movapex,152,9
draft_brand_Sm16qSFsJZgXvXAhsdEpYU,mplus,202,15
draft_brand_zGJSr2HatvNKF24PaYaBwE,mr. yang,223,15
draft_brand_T5KNSzKcZhbsgG7ngaRSDg,mrld,200,4
draft_brand_6N7Lfv1mGf1FYywPcGEBH4,mscrp,194,16
draft_brand_Smp88oQNLfuJSYU222THrv,msg,264,4
draft_brand_8sz6ytEZzCeGYGPSB7XKfS,msiauto,257,3
draft_brand_WoPDWV1hoBWMB1azDbR1Gk,mt-afm,319,15
draft_brand_AsG6FNottQTwT39RiE81gp,mt1935-auto parts,106,3
draft_brand_PuKyfZ3ujypWkWnx3Qf6A8,mtggska,256,3
draft_brand_aT3wrFh5ijAfFsiXnucaqb,mtotop,106,4
draft_brand_HMs3Nd6jAaqNr4FRi4SXcy,mu,115,13
draft_brand_yWL7a2pAfTsapGJdZDBzD6,much,134,9
draft_brand_YfpBvGDS8QsU9PYffC2HfL,muchkey,105,13
draft_brand_nzTQHhasiPS4C1fsGcd6Nx,mumadliha,113,5
draft_brand_NSV8eL8JhFh5SgzJRXdTh5,muscle cooling,131,3
draft_brand_WctfxHZkXcedRZ6dRN6SRn,mws,128,19
draft_brand_kQceApXvRYr4oGvqJ5Ujj5,mxa-auto-parts,107,3
draft_brand_AeM3fEjzhmynTydAt2tjL8,my,218,14
draft_brand_SMhx1t9Vtmv85Ccc9PKqMJ,mym-carlight,225,11
draft_brand_HAYkiz6wBuaUpapXHSqGyr,mynmoto,215,3
draft_brand_vN1W7yE7mozuT8KAQGvUWX,myron auto parts,121,3
draft_brand_qdVXmQeHSWbur6cp1pafGb,myx,114,3
draft_brand_oeFQe5UkAkSvxFzq5Mi1bW,n,194,77
draft_brand_ftDc65XxVACFMrr5o5k7cf,n.shop,100,3
draft_brand_6coKTTfmYmw7SKk5Q7K7xi,naaa,229,6
draft_brand_eFoK3ewtETPQyEh9HefLSk,nad,2631,8
draft_brand_KUuF5sCMUPBpJ5fj3zMuZS,nakajima corporation,117,3
draft_brand_xijzrL4ciwq192XK57ACSH,napa consumables,117,4
draft_brand_eQH4owmNDMNz6jCdyL4AGr,napol performance products,210,3
draft_brand_KZi4mGJhAjEiwGrCoZsnxz,nat autoparts,257,5
draft_brand_TPAedRcZ7MYBWyKXekj5Qj,nat-autoparts,118,3
draft_brand_nY9qsNSx9Qh9UkVYgAdmZF,naviradio,334,8
draft_brand_M5kBdPiCguipS2Ec3Wru6D,navistar international,115,5
draft_brand_fsDoTHExSWfnHDU6WaoTWj,need_store_carparts,126,4
draft_brand_5yAyteJKtunD9NqGDBG2Mb,nessuno,134,4
draft_brand_1hLWSiiNMPPivqkeM1KMQQ,new clutch alignment tool,113,3
draft_brand_K1hR78KGyx5QvknT5wvG1j,new united auto supply,141,3
draft_brand_hVFzerJd59pAdAMuC2cM7q,newray,336,6
draft_brand_VNjq5jMhRLxQcMCb7R21iX,newtek,236,11
draft_brand_notaLpPiWqcFXqvbqAURcA,newton,162,4
draft_brand_vxy6gbVZxjDnt98R8cffgh,nil,591,26
draft_brand_FgduRCp2WduzR7t3meo2gx,nimbusdirect,149,4
draft_brand_cpz6baW9eggd3mSHFCwime,nimbusmoto,143,3
draft_brand_z6Dnh4jAWKmjqRQH7iVcRT,nintendo,168,43
draft_brand_U1XWXUCo1gautiZv6Jjn22,nipocar,9736,3
draft_brand_YatcD5d9Mfax3wJTZs7QhK,nismo genuine oem,167,11
draft_brand_rHE4UsqKNEZwFQD4JjkgYv,nissan genuine oem,2126,32
draft_brand_i662ADHJwinuKroo2zt9xk,nissan infiniti genuine oem,107,8
draft_brand_mS3FJNM756Cf3wZGY7jMeq,nissan qashqai,196,15
draft_brand_BiQJX4AmmTBiitsgbXEgfv,niupcar,101,7
draft_brand_dk1VdMzUsQghLqX1tnGQWs,njk,146,10
draft_brand_ACAHcsN6Kjj3GpGPSWjJmG,noiricle,122,3
draft_brand_FtHR3sgGwQSftrtsiv6MG8,nomixing,186,6
draft_brand_XS7ddWC1qfGZiaqXg6RB3V,norrec,134,17
draft_brand_QhACeADSvyZ4yLMHc3FAGy,norxi,160,4
draft_brand_aNTDh55tW37waUEoz6aASo,not found,2094,4
draft_brand_rYNx5PkcKYB1E3TRfRnoeV,not known,137,55
draft_brand_izurqWCQV2cCbshVbEtZHD,not listed,120,9
draft_brand_fiF4dipVmHHBCt5LpMgJAS,not provided,303,51
draft_brand_LDc6U2v98xoi5g8dNUDNRj,npr of europe,284,3
draft_brand_py24xqVbriJA6Whmmf57g4,npr piston rings and pistons,200,9
draft_brand_St6oq6vFJC8ZUkwcLwo83j,nr-auto,308,3
draft_brand_R7KDXSk8ccBzxp1ETbEz73,nrb,145,8
draft_brand_WM4V4ydEhhVC5HcrgZ8X2b,nt auto,150,4
draft_brand_maPbizzYtd2jjG8PuH8yMi,nth_autopartoutlet,2472,9
draft_brand_v57472e1LN8RfyHpKx2Q7q,ntks,195,3
draft_brand_wf1KiVjGoA9FfKF8zTW9BU,ntmy,173,9
draft_brand_6UAJUqnAWuKH8BGeYsje4s,ntnmotorcycle,266,4
draft_brand_o1GxRBzuKbxtm8jNjYwmBh,nxw,256,7
draft_brand_x5iPUXhGDpzy6pkFBsBzRo,o.e.m approved,276,3
draft_brand_uM96yy1M2fkJdwXwvFLViA,occ motorsport,109,4
draft_brand_coUFZgu4Vv1JYLW7RUVit8,oe agco,3016,10
draft_brand_JGNbLWzb2JNUTZbkebzj1Z,oe bmw,129,3
draft_brand_RFYWVhnCPmSWHA3UueRm8F,oe cnh,3314,10
draft_brand_6aDpHzcoBynEUzwp8mFLNm,oe daf,1728,11
draft_brand_RddJtYfVGLeM471n89xiqc,oe db truck,3103,10
draft_brand_vftPLdU8ovD8TSjTfnyocz,oe fiat,126,4
draft_brand_V9G4CPX9qaD7bTBU3V5SVd,oe ford,159,4
draft_brand_6iuB75m9661j8UgDe5F4KM,oe hyundai,133,3
draft_brand_YXeyrzbj7fMZWvvJirqQBs,oe iveco,220,3
draft_brand_bNboZnUXkjNP7ww2Vnst5F,oe jcb,338,9
draft_brand_sXdcdAnPo5BdfXyr89EAHf,oe man,3055,10
draft_brand_MdejfTb3tHdzit6WQPPAKe,oe opel,118,6
draft_brand_ke34dTzbrFNWo1QpizrHCc,oe peugeot,231,4
draft_brand_QzPG8CEDBgUbUg5SPkrqhi,oe psa,9152,16
draft_brand_dsTuFMrkrat6X2odEzRacc,oe renault,103,5
draft_brand_xLpq9xwW33TpXUZCKvxx63,oe solaris,120,7
draft_brand_cGqUsVkdgEjvNFN8QxfxBP,oe vw,16553,30
draft_brand_6jjGenJp2bePyQ4t57AK6C,oem genuine parts,112,3
draft_brand_bp3dBbNf5TdXAX683f9RXE,oem quality aftermarket,38460,7
draft_brand_EfituUMzy36tL84hF3FyCR,oep,135,35
draft_brand_zXQQDYRJqxuki9cZqSJvdy,oespecplus,100,3
draft_brand_vSenTEDhAKUmy7yHa2ezBH,ohleats,100,78
draft_brand_yEjy75DJpFGuC297GxfNUv,oj auto parts store,123,5
draft_brand_w5PCUGh36dn74s6U1n3W3x,ok auto parts,153,8
draft_brand_F6ZYw6UB2PezcxNXGfJ8TR,okd,105,9
draft_brand_8vrcKSYzwFoKSuCjq4DwBQ,okyoung,227,8
draft_brand_mNvsPq5rsuo2jFBJCcH1L9,oldtimer,138,27
draft_brand_CFaLF1vZ31DK9frX6oLGNw,omc johnson,161,12
draft_brand_HcNw2QDYDzttu8h1Aph87u,omg srl,177,7
draft_brand_bPyxSmTjpduYRzQEtnwxs3,omniaurat,146,8
draft_brand_1FVawnBqWw3SKoKy7633hL,omniauto,124,6
draft_brand_xy2C36M11sAJNRy8BoSCAk,omtec,213,6
draft_brand_inMVWBMeqRUDwue3FF7xZk,onbreezy,177,11
draft_brand_Ck2zkceDddZZT92sBus7Py,oncemore,309,3
draft_brand_hzY1zcmhkbCYZfEQ18oYYw,one gripper,190,6
draft_brand_FqfsiGjLvqgBSNiCchjZkm,one23-mech,174,3
draft_brand_R3z11cxs97hKuGLKonE1e7,one23-multi,154,3
draft_brand_CrAf54DaLP53gdhf2q6Kho,onykxia,260,7
draft_brand_QPc7i8wNKazEg8yMaFWeDs,opel (genuine oe),245,11
draft_brand_89FeCvzSEC9ribFAbqbsur,optare,119,11
draft_brand_qxubMjtcKUwsmrMNo9QXtm,orangeparts,304,5
draft_brand_iy9cSWJQWUL9Qki2t9SjjA,orginal,105,24
draft_brand_FkeBqmfmiEmpEUxPWvbmD1,original audi,314,16
draft_brand_yiLJqFa4rGUNWY4eK6U33L,original audi ersatzteile,101,3
draft_brand_MSqLzLoa2QhYYvGhQg43dY,original equipment group,158,5
draft_brand_2EJPsZmhq8Er1qorajPd1m,original ersatzteil,203,14
draft_brand_92g6dKh7KbaaTSqaN8oDxL,originalersatz,3037,4
draft_brand_cGFnQvNLgoHpYo4A9iKCya,orlandi,223,15
draft_brand_HGkC72XfbPN9DhSCMV5M45,osaki,153,6
draft_brand_5y6Jok8BY3hrkAYSVpbu3m,oset,218,33
draft_brand_9X8epBkAuBza1EAZZEq5iL,ototec,101,50
draft_brand_kWgyGur6LvqVjMh83v2g7U,ou,193,7
draft_brand_bVXvakJgpcS55uNNy6EwnJ,ovabeyna,174,14
draft_brand_ok3bLAidHBfHxYgtEZHn8r,overtake,137,5
draft_brand_1Qo5fJsJPENxtcpdXY9kwD,owen,719,11
draft_brand_4fShtpkFNhqdUqZqv4SVtJ,owg,102,5
draft_brand_Vfv8wgUAvSu7kQjvtMLfEw,owoparts,104,7
draft_brand_1kXFzdmXvpwetkjjao7kHA,paballa,267,9
draft_brand_JiRtVxLUF8BZm3aGryM5G2,paf,181,6
draft_brand_ynKL9s1XUbDrb3EmAkzafW,painate_us,283,5
draft_brand_9mr7yn3mZMWSmQDqFhxxKq,paklorde,313,9
draft_brand_ArLBs21py5fZ4Nkej4En94,part-union,316,3
draft_brand_6nLrisVysavo1R6GJWxv8w,partmall-auto,210,7
draft_brand_sgKxHcBs8GP7ZAckhQKdHf,parts2go,277,23
draft_brand_kUkVT9nL1fSA7chCnsijcs,partsatoz,281,4
draft_brand_t5eXQxT6LLVXcebhADgjSd,partsee,214,50
draft_brand_njLEUBp24aAYMZ38CV1k2T,partshomie,131,5
draft_brand_jTwjKVFGUYJVJfB7T4iyYg,partsly,328,5
draft_brand_gQQv1BuxpHLA2hi6onL9aM,patikil,177,56
draft_brand_PJNXePbdFwPNdar19Gw1sz,pazzo,133,32
draft_brand_VXXiTk4H2gZ3hEDhWHAcvU,pce,111,37
draft_brand_zErnjaY6nfxvZeYrbEKjfj,pcl,192,43
draft_brand_XWrN4USDxmT1EmWPe7FSgX,pedol,114,15
draft_brand_LAMzuu1GRBBPTGMGorEb2a,pegasus (original oe),151,16
draft_brand_X7tQpv2F4trexbmKTJrria,pen,144,4
draft_brand_bzuqdARG1KWEqFsw1dfRnS,peng,156,14
draft_brand_BzMi9wasWjty7Nh8pjAb84,pennant,183,6
draft_brand_PGoUgAHSZJfTwJm3tpxKg7,penta,231,54
draft_brand_Ke6c2NsG34TBhpCatBD5xF,penz,202,4
draft_brand_eR1vy3FbdHuFtTawZMMjkV,performancemrp,193,4
draft_brand_xXny8jzK4VJSuGK1v5zBgv,permatex/loctite,153,13
draft_brand_MU2TSQhWgxVxks82ay766Z,pete & jakes,150,10
draft_brand_P8sgxN8CGBDsvm1Eh4jpv9,peters ennepetal,101,4
draft_brand_RQgwAPwuizbbyLuCLksDpy,peugeot (genuine oe),338,11
draft_brand_Hic91pmru6vdYgF3nZbAmr,peugeot (original oe),2013,345
draft_brand_tgtWMgL8kpjTebtV8oGRSA,peugeout,112,10
draft_brand_VVdjtdAtd4Brijx3gUPWio,phaeton,175,51
draft_brand_BWtP53CxXjBPFYpMrdxx18,phenix,152,10
draft_brand_LfpvwiWN8vuCgaF7E4qSNn,piaa pier,134,3
draft_brand_X2i2YsSTm79HZrHcc12K9h,pioneering,301,3
draft_brand_ZmmiAfkHDXmkXU9hJPQo6d,pipe dynamics,301,3
draft_brand_fxbdVEmGXKEQdeJkfaCSWt,planar,151,6
draft_brand_65DVU6HMeBZeYhjv13c63W,playcarclub,151,9
draft_brand_jSizSPwHfER7oaiERguQwL,plymouth dodge,103,19
draft_brand_znHSvZE9TP6csB7ryVbhRL,poacc-auto,232,3
draft_brand_Lyz3yefSP9T3BWBhn7QajX,polar parts usa auto supply,153,3
draft_brand_cWmq353bH7ZzYVLxcZ9E7Q,pole car,316,3
draft_brand_zBf9y8yarG9ceKi14o8118,poliplast,307,22
draft_brand_PLy9pqBuTCKCsRaV9yr5Rf,polyward,274,3
draft_brand_hDSZhCc4YHFCWJX89fyTTM,pomt,242,4
draft_brand_QzPmUDKNpaE44W31kDwAjJ,pop-speedyparts,270,5
draft_brand_vtSNpFcJAs7ysj1iYHgs2U,popstore_carparts,169,11
draft_brand_Lf676tzxfHe3bNdP7oLucx,porsche oe,180,15
draft_brand_LVASyUf7K7k4uckvQcb1jm,power-tec,179,18
draft_brand_kvbpiY91GDrrQLMNuSUhUw,powerauto,199,10
draft_brand_8ZrbHZVNVusu9J4kPhYJGk,powerzone,302,7
draft_brand_kBzmsLJux4URxd91UeANgh,ppepwell,193,12
draft_brand_YSwf911eiC1orM7Xcpaabv,ppr,105,18
draft_brand_hx8Fdoojfpg8ixWzbCMgKd,pr,204,4
draft_brand_xRbxDGjGXTHWNgJheSGo5K,pr2,112,12
draft_brand_SNCakeyqqCgCX5tfHh8a6K,prekom,170,6
draft_brand_mSqSUz4X6gcPJYD5rAuSf8,premium automotive parts,65236,3
draft_brand_wMR8KSnubUcY6Z1Wtec8ag,premium oe,257,5
draft_brand_Ykx5rawd7wdMBaUKeYPqHS,premium oem,202,4
draft_brand_nK373TFb3Fmqyfj4tFtFoY,premumus,128,6
draft_brand_PKghtBUnMGx1wH29eHWX9R,pressol,168,20
draft_brand_RYEdjd5fK5WSRFe3UCJUJL,pri,120,8
draft_brand_g6cq9GwYHKgrdqzLgog4An,prime supply,164,3
draft_brand_AN5PWvaVnBJHrRRiGKV5r5,primeautoco,190,3
draft_brand_3rzpKE2WFX8jMUURLDnws9,primefitauto,158,3
draft_brand_q6pvqdnJwHeTXwUCTaZhVv,primetorque,100,3
draft_brand_JDq1dk7LxMQDFaZfTDe3o9,pro cut stickers,269,3
draft_brand_sbdcqbxbdXGEaLrHUCR2EC,pro factory,106,4
draft_brand_7rdx86A1wAH4v4mRCLvXLL,pro power mx,6514,28
draft_brand_U5ZZTdcNLaZRyNm4rttnqq,pro_autoparts,326,12
draft_brand_USdyPvZiHBGDH5ZS6y19ja,pro-ledlightbar,142,5
draft_brand_SDaHKELUA7j95tfkNPXyWw,product of thailand,165,7
draft_brand_NxC7raYWwCT9vSdk2F29Ts,products,163,12
draft_brand_VBho6nmts9ruBbt57aZzrn,professional parts of sweden,113,11
draft_brand_U2psjkakGtJVfheGfVzihW,profirs,315,14
draft_brand_VZrMoYkPaXJsmC4z2hQahn,profix,270,22
draft_brand_qAKh1cTkCEfCEgecb1VKxQ,proflex automotive,165,5
draft_brand_h2TD6abZn8MNBtv6yppg8W,progressline,134,7
draft_brand_BhrHN5hhqSjvSaM7xsBPew,prominent auto part,166,8
draft_brand_p43SNDhAJrpcq1vxu4u8CF,promylos-auto-parts,160,7
draft_brand_ujkSqZLaCJhma3hL1YU5CF,prosport gauges,153,13
draft_brand_DTD9wX8EeLv18Wm5qvfqNb,protouch,330,4
draft_brand_JC1jgdyeVA1DE8KLkqzX8n,proweijun,305,5
draft_brand_go5rXFJuNNCmR6Cow1qBXG,ptm,160,9
draft_brand_pVGESAauHy4quNorxGG368,ptp,158,17
draft_brand_q77qByRmiuU7AnFZYSfJf6,pts,206,3
draft_brand_YecgZc59xbsbFh3mz5S4aC,puplecar,170,5
draft_brand_8UBKAi1uBReT5Pn1C3TJrE,pxsunauto,132,17
draft_brand_GXSdP87up7p1dQo8ppgsbN,pyramidmoto,502,5
draft_brand_RdiPbfGFMXXDWRXsb8gEu8,q r m,204,4
draft_brand_d8J1MYsUMv8NzADgggurAC,q-baihe,132,12
draft_brand_2W6aCnTNHg7JFAGjoG4K35,q-baihuiqi,156,15
draft_brand_xB8P3j4G6DeDrWvVr5cTJR,q1,309,28
draft_brand_b1LCKAEV5ov8akzmHGneRW,qashqai,124,37
draft_brand_tGBzgQSL5ktUeBtRUp7ZQ7,qizhi,412,5
draft_brand_GCgwMkmbaMKFvJwL9LEhyL,qizhiparts,285,6
draft_brand_wQPsQYSxLSPLRGXG6raQWe,qj motor,262,11
draft_brand_r1sLYtHyuUDF6XUFLxt4Rk,qngenet,43129,303
draft_brand_FwxtPCXyrLuZEccijpoHi6,qtrim,123,3
draft_brand_Y9wm7fDMm2hPxJ9amTrJFa,qu,136,7
draft_brand_qRonggWkNDa98oq84e5nmy,quack wrench auto parts,202,7
draft_brand_HhU6eP3H33oKUE8S2ieiRU,quality reproduction,158,8
draft_brand_RGvjkt4Hu6yvAxnVLJMjTs,quarkzman,675,102
draft_brand_qUNgvSihaf1tbBZKBEz85v,quick exhaust,337,3
draft_brand_S6wfTrULJFfjTz6AxXDUEW,quick start,118,10
draft_brand_co4RnKEniP5cWoijxnNqhS,r-sport,101,3
draft_brand_8FhjggYaPRYydcpuAmetEg,r&c,141,6
draft_brand_MUy2wBuyBwuQLsKTmpxb7V,race ready,105,6
draft_brand_BDHyRHVFhUNJhiKMLtnaai,racetorx,292,4
draft_brand_nNVsrg4StYZeE9Ex13W47g,racetuning,150,3
draft_brand_xjio4TQ5XJ4xZeMnZH1sc2,raceworks,190,21
draft_brand_FQwHxdnHFcqHDjnJSRwvWk,rachaauto,323,9
draft_brand_QqHMKKx43rx1V4mwLRbGaz,racimex,130,41
draft_brand_J6nyy1HHy2KpPSXTKBrzMs,racing_speed_autoparts,154,7
draft_brand_nV54me2wEQ6TkaBHP37LbN,racingdiffs,185,4
draft_brand_bLCTcFboJzphRtQhcN6AKX,racingline performance,219,8
draft_brand_enjREs76CcMYYJxzzvPFA4,radd,104,12
draft_brand_DbvQ3xuSekTXnqkjHP5n3h,radiatorfactory,221,15
draft_brand_3yW22Zw2dcwtZggFU2oAfu,rambowtech,130,4
draft_brand_XRNEcNU3geCVryXJqpW6i7,rapidbike,718,12
draft_brand_1ErKq8iHSkAxAuYh1tA6P7,rapidrideparts,296,4
draft_brand_7rbQbyuAkVTCtZ8kBWF9yR,rare porsche parts,3283,14
draft_brand_6A7fphhi12V9c8qUk9Qo2P,raxon,334,15
draft_brand_XBr86HRvgtgwSR8Wo1ThCg,raydyot,189,158
draft_brand_btMXyV2LcgvWnzTYS6aoq4,rbw,329,4
draft_brand_o2C353e2z7MXeWhXWCmoSR,rdds,251,5
draft_brand_y9Rzfqd8aCj4nXesPj48ri,rdt motoring,119,7
draft_brand_BQrphdz3d4vxmWse2ER7Zk,rdtdzsw,232,14
draft_brand_Vj72k278PzNS9UMU1hUYJF,rdx racedesign,135,17
draft_brand_gRSCN6nSzxFi7YSbPufoH9,re-part sp z o.o,209,4
draft_brand_69U1br51fEcLgTRPQeaNjx,react,175,11
draft_brand_r88vC2kJWcG6LG5Bha2krr,real carbon fiber,177,45
draft_brand_uMRezKiC9i2bHoBXyJBJ1a,real media gmbh & co. kg,195,8
draft_brand_LHz4hNR9xh6ze2zvKQ9U9o,real power,127,3
draft_brand_rL8qfVJeUdZviMuGPrEQWd,realzion,115,3
draft_brand_ZLTHyVdygEbCrQKxY9yUKs,redaelli,268,13
draft_brand_kmT5394hm7P9xKzzu2N5EA,redbest parts,139,4
draft_brand_RRcG4tMxsTtXMwsSxH9cE5,reezoone,164,4
draft_brand_hZUthSdUXU5aJuNEzPxsBN,rega-parts,152,4
draft_brand_mCiYRVPGQY8s1QTwZiH4PT,regiu,339,3
draft_brand_pqmUq4RMv9icDbQ5renehs,reliable-drivetrain,223,4
draft_brand_nsTK4jaH4MtUZPCAGafvTn,reliature,218,6
draft_brand_KCq8bx5aHGvaVovhLJe9mA,renault s.a.,256,3
draft_brand_HLXCgFURNDEf7HEhvn9qeo,renault trucks,1293,99
draft_brand_L8odzNCxnwyudgzsK4gkSi,rennspeed motorsport,141,6
draft_brand_obCMRCsMFmF4DUee4Rce4x,repair rapid,219,8
draft_brand_xttQBAusFFnkxygYu1Gcke,repguy,153,3
draft_brand_2MWeTsjeUa2xjTCZZQZPDZ,replacement / reproduction,104,43
draft_brand_ocDE7FDmoNecgKqxqZt4B4,resto-rubber,106,4
draft_brand_w1Z2jghyqwmQh8hmrX1Njv,revi,175,5
draft_brand_Tja82UBVFZTmxE28SjLYa7,revtechautopro,210,4
draft_brand_NpALc2ZFv84vxUHm7F2nNP,rex (original oe),153,30
draft_brand_pqa9Z85VLa9PdvLYjJaYY7,rhibo,167,18
draft_brand_kTkNRgHhTJeenfmrD3W5DM,rhyat gauge pods,135,4
draft_brand_rRf5JxbTbQDCkQ6btfjZFY,ricks electronics,299,3
draft_brand_AEh2Bx9dDG3pV4eJXLcjys,rideroad07,141,10
draft_brand_BfuzyEcQH2syFUtdLkcF4d,riderr,179,23
draft_brand_c4CbXmKPZCyZjaBkCkxXCc,rightway,159,8
draft_brand_zKRvGP7VBuhpvV999i9WS7,rindmann,166,4
draft_brand_u86ME4mjyQLtjTs85i83zZ,rinehart racing,170,5
draft_brand_C78SJwci2hm29ATjZioGAr,river,1290,6
draft_brand_cfsrfH4bdWc89tdBpofkyn,rm stator,264,10
draft_brand_9ensPwfdREUJTgYT4u5sDq,rnr spares,121,10
draft_brand_t84Bzh3Qe9DRF2jhBfN5dJ,road beast,200,7
draft_brand_tCrLBx7wd6BDxawYBnMuSh,roadruns,173,7
draft_brand_P2Wuqu6Q1goDnve58dvCFu,robbins auto top,124,7
draft_brand_topGqX4wHQvN1EjyBRiuof,rocketz,143,4
draft_brand_Q6Be6n44fcFvkyCaRkuP23,rocky japan,120,3
draft_brand_WBEE7BNgTN5p5mejHhMBdT,rocvehant,179,11
draft_brand_k9okNJGva129GaeAK5V3XL,rolls,2544,10
draft_brand_SPi9ecYH5nWpLmNf2zjfbf,romano-cycle,272,3
draft_brand_9VEHpQHSouyDp3AhmV61qr,romanomotorcycle,345,3
draft_brand_K2vBjSKj9aQoQXepA1RZQz,rondell,177,95
draft_brand_Hybj3rEsrYmRx4Awcg9out,rongji,185,6
draft_brand_bKTZBpxhdQJGSJuejUPMso,rotation,100,8
draft_brand_QD1ntBgXzxMuhLn7BZgQtz,rotora,329,13
draft_brand_ssJCr6EE76hcPxdJVg42oC,rover/austin,176,18
draft_brand_w8sqT5LhQ2Thv9jxE4iZQe,rox wheels,130,9
draft_brand_oSidfFXvkWTnpUMsDdZiwt,royal enfeild,172,6
draft_brand_JWFaXG1sVcdinHkqL6DLSb,royal rods,193,3
draft_brand_G6Bi24FNJMA376XZTf8YKk,rp,223,18
draft_brand_fHWNrYgJ8fAxVHbH85nGxY,rpm performance,224,9
draft_brand_whoySsgHxSbiYLGXc8sJCn,rrd,136,5
draft_brand_xdBhgiEV5fjATcxCkHbUMc,rspec,101,7
draft_brand_oHQtvyxgo6foY9yEJcCn4p,rsracing,174,3
draft_brand_9VkCvZhcd4QhK4Z5LmGp8R,rta,100,14
draft_brand_hUwmqngKazofAp3MAuVuqj,rtopfgydc,253,3
draft_brand_HXMVvdckvRa2f5mVemxmKr,ru,113,3
draft_brand_C8kkjUiDcc7qNd5HxLdZKB,rubbolite,342,109
draft_brand_x1Cg6kt9XmdGLrGqDkGNWZ,ruf,248,12
draft_brand_FgPozNmUyR297qsDTBdvwM,rugged roads,283,6
draft_brand_eB4dLHoVyoqJppMczFj4ZT,rumbling-carparts,127,4
draft_brand_7QMDgNCDD9Ze9BsZxYFZFu,rupse,101,65
draft_brand_mWV4DNNjRWqg2gESm8a7LE,ruzhu,124,9
draft_brand_HrYmLJw39TH5sWVaZevFpJ,rwazcha,173,11
draft_brand_Ln1sr5t6nfqnXrLb5gBDJx,rwd v-twin,187,8
draft_brand_FP8X85s1ZdsqRcTeHNYRfi,rydsuns,234,11
draft_brand_e13wpv1EtkjFTmcdEvMpgq,rzg,2418,39
draft_brand_B6CsRj1wBz6mpVLyDnVSnV,s and s,125,6
draft_brand_c69AfQDjqFPRJ5t8y4oFbT,s-strong,121,3
draft_brand_rhYVuTk6bqZwGw5wmTXqfC,sachs (original oe),195,51
draft_brand_33SXLNK8rfmsUAPgGF5Pfi,safety devices,143,23
draft_brand_7qJiGeb3qn69c1g3G3sLbs,saikendeuk,326,15
draft_brand_uxdSJVwJRiMMj91E6mEaAb,sailor,200,60
draft_brand_QbjkEmMRpFefLb44x8TguT,saiweite,100,4
draft_brand_pynQfaHFmABgbYocFAG4Tj,samlex,101,4
draft_brand_ZquXNvU7spChzAnjfY3LkK,sans marque,7958,3
draft_brand_X2fjMLJ4jBL6yCnTh1y2Qm,saturday,106,11
draft_brand_CweDWAC6cmcEykMRBEcEQV,saturnus,172,74
draft_brand_VJTLaSd8RJVjwQ9Siju1PK,sautomarine,122,4
draft_brand_3KjPNy6isi3qLRMAR7acjG,saville,263,37
draft_brand_wJC7i63vqrY74hYE5TrgSH,sbb store,183,3
draft_brand_cFEPKAFnW7D2m9fSGBsPYE,scangrip,166,12
draft_brand_V9AddAYu9fPa7cUWvaEEnv,scdl,359,4
draft_brand_XYnPqtpB29ffhsBuN2jkMX,schneebichler,113,10
draft_brand_jFv63LzUL99ZJHz8qyaTpb,schuh,168,40
draft_brand_zeMx5fey4bBNEXEL1k3Sjf,schwarz,139,17
draft_brand_ggmgSvA7haUVZ4WvfzP4b2,scintex,210,37
draft_brand_ymFuNBTijsBTfjXuekRxX3,scomadi,132,6
draft_brand_Ts7jxkEfc4XcV9pPUvZx7C,scooter parts palace,170,9
draft_brand_CrBVLa5nqdsqNv9mjnPSob,scopione,226,9
draft_brand_6Lf3A5wagXa3YaNHzBXQoN,screenprintdigital,234,3
draft_brand_MgHybjZ9uqYKmE1ge964Ax,scs,158,11
draft_brand_hbTbHhkZe1WUjRW8N2Xy5f,sdonestep,108,25
draft_brand_BdryW1AFKsDXVVs7aybo5Z,se-auto,163,5
draft_brand_ASHyLhqHy84XXki8sdCAYp,secpz,222,22
draft_brand_r1ej1mFqiWYZpXZAPrmdxV,seepro,144,4
draft_brand_9QCXaMMki4Eec87T21G9D9,segway ninebot,100,3
draft_brand_Aggdz2chd8ZFhrDsCbnAL2,selettra,324,3
draft_brand_eVCKp5pnYYXmzQVrw4EKQm,self-management,140,4
draft_brand_tnaGvfkwZSwpLZnFeGgRuy,self-operated,234,8
draft_brand_hdjrERR1gxyqZCytwWRFFU,sema,220,3
draft_brand_mCiY86yNnDS452rS96NP3y,semerfil,132,8
draft_brand_B8cqYpvEJiShmRRun3xerX,senpauto,185,13
draft_brand_q9yg7e33xboTgpLoprqks3,senwanse,170,3
draft_brand_EfsUXtL2XSuoxXh1xqMsdN,service,313,3
draft_brand_AvJUHjbUK15xqsWaLroMCV,set,231,8
draft_brand_RUJjt6eRVC5R49vj6ugv7n,sff replacements,175,3
draft_brand_31YMn4kosaUhLyVqEvfhS7,sfphq,142,3
draft_brand_t5iY6EvkErmhfJztqruwbi,shacman,108,5
draft_brand_qoVL23UVRb7Uki33D9h6cz,shafers,109,9
draft_brand_uskGVFmgmCXcFR1CwaFYXf,sharptuning,222,4
draft_brand_iFJMVLx4JExuDr5PBg72pA,shengautoparts,217,5
draft_brand_j3j9b13Hq1F5icg7L3DiXW,shinghoi transmission,310,9
draft_brand_riKxMTsy1W1YPpe6KmJWHj,shinkea,182,7
draft_brand_JLZA3ju3VD7RCVcAMTGMbs,shiny garage,289,4
draft_brand_gmwZ3mNmsNnP8zugR13nDN,shlpdfm,163,75
draft_brand_tqnci9ErgpxygVnh8hmzjh,sho,138,26
draft_brand_AAe2DViGGBhM74PiRQPXUB,shockhouse,181,8
draft_brand_dwaAWvbvzn66ouMt8JKagb,shocks,127,7
draft_brand_qZXkPXGsUEK1GtHp3jij2W,shocks and struts,2295,3
draft_brand_Sg1tYaG9eULbFzPz7JHVvi,shoebox central,141,3
draft_brand_GQnasT9NYi3KcXzhgkkSb4,shop for covers,7462,5
draft_brand_wjP6QYWQy5WBcZNWnU8ity,shs,229,4
draft_brand_D8ajrfN5BEAjYdDgJiESUs,shtauto,119,3
draft_brand_7Yi6JunxK2kP9aP41wro5Q,shut,172,3
draft_brand_6nZoQeRkt23iroTFDsvx7N,shutcar,162,4
draft_brand_jmV9NT4oEmahcSnFC8YhYF,sicursiv,124,16
draft_brand_HcC9r8hthdp3jh8hHGmnxm,siemid,102,14
draft_brand_rLBBwCtWU3mNyncUEyDvUq,siepa,118,11
draft_brand_Md5S1XYaUeFGDu3DeAciqT,silbak,319,6
draft_brand_cYHjSdTjby8y8hGdu2tVDa,silcar,255,3
draft_brand_jELJNdMGYvTRQGzDJ5PoLV,silwy magnet,166,4
draft_brand_ta3fqLAVpHGEy1bCQUB3Hv,simeti,117,3
draft_brand_ru28CCSs9iTy5phACCJNkW,simo,261,6
draft_brand_ng4BS95WVPAVirEp4BWUZ1,simoni,401,32
draft_brand_ca9ExFFZTJQdYvvgFxDnxj,simons,134,11
draft_brand_inrm1jr6BywYrnNpMEw37P,simpart00,204,7
draft_brand_svHLBHywC5EqBDDzTsFsUG,simply,20351,336
draft_brand_WKpbK8NXuHWQsdrxFr69NF,sindar,305,6
draft_brand_HAGPsCtuun1VtcmT7g7Sfz,siom,119,5
draft_brand_q1FBixncoPDUcxaCdmRsBS,sirimotocycle,275,3
draft_brand_W9FxiALWieJtCRhZCho4Ci,siruda,157,10
draft_brand_YAB8WMfymYgAT2G5zcT24u,skd,107,8
draft_brand_MrAxiR6hNAiYnHUZpJE6LU,skoda auto,215,6
draft_brand_wbUmb7js2DMBHfEPsddEdg,skoda octavia,286,76
draft_brand_fDtdYfW1y8ykgchYX2NLbk,sl turbo,123,3
draft_brand_UvovPpFNAPUXB8qnnWe1nf,slide,204,8
draft_brand_P8r8o6XuCA23n9KbouALjP,sls,242,7
draft_brand_dP6jmh45hAvaNPE8aoBqz2,smarttech,154,3
draft_brand_2z51NQjLwZNDuyodiddnfT,sme,249,57
draft_brand_EZswCL2xCX1wwroJHMSHdD,smith brothers,113,17
draft_brand_4K8HHE5uVSqRy4Dkyi8kRQ,smokedtaillights.com,124,4
draft_brand_jU57DNw1XPZd3S9RZcwMEL,smp blue streak,119,7
draft_brand_zCQuCvWvhjzXUFjm6VfG9R,smttmot,282,8
draft_brand_a3PJWgSNZ28wj2HMLkPpAQ,snaplots,136,6
draft_brand_qftNaFT3wTHyi2NJssRXd2,snowmobile ext cougar sno pro cc zrt cheetah,108,5
draft_brand_As3zjchBupeQcVzPjeKorz,sogefi,118,12
draft_brand_sfexYAUPBGBvtUDZkxFt94,sohomall,151,4
draft_brand_PcuzrVWG5fqLGXABUHJKGG,sonstige,8346,327
draft_brand_AKYGLUE5GPK4QwLDnx2FfV,soooparts,257,11
draft_brand_UsuGqx8e7ybZ5BMnvnKv7o,sorlunehyrdc,233,3
draft_brand_BTXgUAi4GLoEpEZjmnrXDv,southern powersports,153,14
draft_brand_H6d6B5pTm7w3y4dGc7MYDP,sp 4x4,114,4
draft_brand_KwE8dNoEto37RMjbukjrM5,sp parts,156,3
draft_brand_umSnPTk2ttgFLnUZdC5MQP,speed gallop auto parts,321,12
draft_brand_H6b5xkCShU4TyvhEuWCXBm,speedyma0,320,3
draft_brand_Fk5p6MjWCREjctVx6PqPsw,speedysuv,175,14
draft_brand_8DciYEaqU6T8zJx3GEwswN,spheros,180,4
draft_brand_Qk4GbZRkTgW8RbHtaa7Aow,splledlight,280,8
draft_brand_5B8nCX7XAQpRX5c3Bo3EdT,spn,253,10
draft_brand_CePoJ4z528YtiqpVYaXZzX,sportfarings,211,7
draft_brand_CM5xYsGoBGZWaEnzhAZRLS,sportkit,280,7
draft_brand_Sn4rfwWeTmT3zyjEtwqnvC,spsoner,107,5
draft_brand_DhLextXCBmZYFe1bEzQTHJ,spyra,291,4
draft_brand_vYhGmsdKJLSvGxMMVUDEnB,ssangyong motor oem,171,8
draft_brand_nKYAMyEa3csJM4713tSPGw,ssangyong motors oem,135,7
draft_brand_NzdpuvYsDHqbBvJVdZs6S3,ssd,161,3
draft_brand_Ae7njG9Uvsjw1gkUrUHR3G,stahl,107,18
draft_brand_y6ibkxZQDQJYLW1LDw8dZR,stanflex,190,3
draft_brand_XxuuU9pys7EcYEZGMu6YVS,staper-autoparts,412,6
draft_brand_Xu5MeC7xHv27SMu52888VT,starbucks,180,86
draft_brand_t8oCWdzh7w6R1bAodgjJAa,starcke,254,12
draft_brand_CVzByqjY7AYG9moB17EXBh,stark industries,143,6
draft_brand_sKpmcsSJRVN25GWKn5MNAh,starlane,109,11
draft_brand_cZ9z1uN6kekT4MFHomg1JF,starr wheels,119,13
draft_brand_LVMRvJhYW2b7VuH4mCyAUU,starrr,121,3
draft_brand_WQ4vdU4JYcuHW1AASJ9nio,stay tuned,141,7
draft_brand_KeVEGuKQ1wzUKJuj2JmbmU,stayone,260,10
draft_brand_G9HzuKtkC2J4PaT132wQSA,steerlink-auto-parts,110,11
draft_brand_jYEaDK7k9nNVembWUbVZKn,stig,167,4
draft_brand_k7emZkyG33JPduAHDT82AG,stilcars,124,5
draft_brand_i9BBAgM2cduKyyGSqwNtP9,stock,212,22
draft_brand_wSkbh12LRM1hB63vzywayh,stoneband,252,12
draft_brand_nqdRZC8eoBffApC2xYYCqw,storystore,117,67
draft_brand_Z6tNMYKfJSk6ZRWjXegJMW,str racing products,106,3
draft_brand_f4rSBA3XFtnQW3KJVUd1UD,strange oval,192,15
draft_brand_etthgcYRVkZMaaDeJNqeo7,stratocore-auto-parts,241,12
draft_brand_jYbPA8Yispn2AH5R18GGiq,street dirt track,178,5
draft_brand_CsUTZiwa4gR5KaHzbizzUV,striver-auto-parts,247,10
draft_brand_sLoWCyP7ywLysBoVhCz7eT,stronglight,207,3
draft_brand_MDfxFiJKrBXnCKkbzL1nPe,stw,414,21
draft_brand_MMYSmEHADGHK9rhDLNpBWQ,stwei,315,4
draft_brand_abKWJxPiKFRQudD4fuezcB,stzjaye,114,24
draft_brand_BEV74HyfRTSU2wNayHo6aF,suba,105,5
draft_brand_AuKxH3YRetMChiQAHDFxYd,subaru genuine,213,21
draft_brand_WpLuFvs5xbsfNK998cYbGP,sulastic rubber springs,109,3
draft_brand_UJd6Wm4U1VpswckMwqqyHp,sunris,287,7
draft_brand_5E8AvAVYro4BPAXwohWSKV,sunshinemower,115,4
draft_brand_kA1gmrwR9bdobEJLjVnx43,sunster,164,22
draft_brand_rqTzVnydSv4keeSsUZV51Z,sunydeal,102,13
draft_brand_XFywSVgEGD46cva8x8KkrH,supal,163,4
draft_brand_o1zBFG3EWWeyR3cYRBr9JB,supalight,229,3
draft_brand_p4DjHB9Vjkb9tFeapxE87o,supalite,217,6
draft_brand_DWWrYbtGuDaWtEmzVnCyDS,super,106,13
draft_brand_QgsRLZouoHXHMHyFATKdSD,super top parts,215,11
draft_brand_Re2KYaR7eXgTPhszNBW1uW,superautodeal,108,3
draft_brand_tRN6tDmmpKqYAqR5Y4Scav,superautoparts-39,247,5
draft_brand_arZchTLtSwuQpmWeEeZq24,superbautobuy,113,9
draft_brand_jkqFZJj86SyG5U132wcXuu,supercarflash,199,4
draft_brand_ZWWasYSihwUaPnymMHLhfb,supercarmotor,153,7
draft_brand_ovZ49LcvLhWm422G5EY9MV,superinjectors,120,6
draft_brand_gJb15pifrgTegyyr2zMWWR,surefilter,101,9
draft_brand_cC57T9wzG4pTGKFiTBrym6,susdawei,133,8
draft_brand_XjNmUnzYzsZmndQJ5JY125,suwtec,257,4
draft_brand_ntU3b1wbZgHTJBamobEmei,suzuki genuine oem,203,10
draft_brand_CRjwcHdKfz5ZLgHEbktFty,svama,125,12
draft_brand_txhxK3Z7yFVRWj3QkR2wJg,svb,179,16
draft_brand_eS5BRwuVmxWkNHpN2doTZS,svenewbee,220,14
draft_brand_WCpaneKncCVw6LZSSk5JGT,svkcar,195,4
draft_brand_CuDvmk5b8mGcJg2J2wnqrp,svolta-shop,148,3
draft_brand_NtEnDgRcJsUJepuULZJVJF,sw-autoteile,325,3
draft_brand_FcFW4YhyXGhTG984vUHpkQ,swautopart,118,3
draft_brand_yiEm2MK9WoGGyA6hiKJdE8,sy-auto,228,7
draft_brand_rezD2AwNfLrBBw1XgUZpyp,system three,175,4
draft_brand_GWn1cpdFAw65np4rH4Syny,sz,252,13
draft_brand_kMDSEcrXoMxeyHrvkX8vpn,szejtech,118,6
draft_brand_en8cZSfxZKRuru2MKDXhDs,t.r.e thermal systems,181,4
draft_brand_7zTx2LqLzNWTVuTjsH4KcR,t4,111,48
draft_brand_jC9M5qmXDTY462U4ftnwJL,ta-3571,289,3
draft_brand_bYnjqnNvzriga6nZvXK2LZ,tabco,137,13
draft_brand_783oyS5XAyBg5r52ZAtoHP,taffio,113,9
draft_brand_aiaDbWTUsmwNK1x24WYwCk,talos-garage,295,3
draft_brand_wWqLg3RGJ5R1pSn63Zudsw,tamashii nations,126,17
draft_brand_YkoK7ixKbAuu1smxnnkmfS,tanabe revel,136,7
draft_brand_7NzZsKgAyeLvaCT13Fhj9W,tanburo,297,18
draft_brand_ZgxXfU1asoq94o6bCKu2m2,tank,122,10
draft_brand_NXn7LVJg3n485QeA6SEe95,tatra,118,25
draft_brand_cbzQN3BJSftthgA47gKd7N,taurish,131,5
draft_brand_TGYTj8qjFLCZwq4XxETFck,tbest,105,64
draft_brand_M8Q2U1Pqr1axVjecftRRVv,tbo,262,8
draft_brand_uqcDb9t3Teobi7uj3v5yu9,tbs,120,3
draft_brand_KbG1JU2mj6VkizZZ8ZxqnT,tck,133,11
draft_brand_o6UQ7a5Rs9yxf6Xm7gbCJR,tdm,114,4
draft_brand_6bR1Xkyh13aJMQs65XdNcb,tdp,135,4
draft_brand_Rg3jQXMU1qN9x4vSNRtVz9,tdpro_parts,206,13
draft_brand_Tx2QCMtU4iMc51hfMY7ph5,teaone,169,4
draft_brand_ykE2f3t8YmpAqhUzHJb7LY,technics,257,8
draft_brand_bzr9WaL3uK9n84gVXnDrbG,technostart,170,9
draft_brand_hrNJAC5jz39TGg8Uk1m6Qk,techsymbol,141,15
draft_brand_7QemLzweHUA1FuMXWDq25o,teetrek,175,4
draft_brand_7RhxbDRNp2AAV89u4hSJoD,tekson,178,9
draft_brand_qAATstbjZQTyKLWftLZehu,templin,145,9
draft_brand_8Y5HK38BG3epjMqzx896eg,tenkeauto,158,10
draft_brand_8QCseRYyNpY4JnZzXDBh5y,tenzi,330,5
draft_brand_quRwCeqKMkgM5QwkyH9ANC,terrafirma 4x4,186,16
draft_brand_CdgM1oDSW1G6Ykmyao2xDm,terrarider utv windshields,283,3
draft_brand_Cx4iwZEQ5PpMmn2aa5SQXE,tes,2096,21
draft_brand_fdRQqeBzPoBAammz9XhgQd,teslx modex,104,3
draft_brand_UHuqZo1h3xiUM3Nhy9mS8e,tespecial,155,16
draft_brand_Nk8tWPApWfEp9Dtk8wqrAV,texas truck parts,188,4
draft_brand_DmLrPL2pmJFBFgBggAvy9N,tf,269,5
draft_brand_eYdgeUm7bMSqg51gRdxHwk,tfauto,197,4
draft_brand_n1H5PUMysK3GTXeKxyxcDM,thaum-autoparts,195,17
draft_brand_S18DkF7ugySfxaxL4KwHFW,the speed shop,194,19
draft_brand_sKVPqmS9ViSSQ59v4ygcYV,theis-auto parts,289,9
draft_brand_28JdfmL7VqYyi8QY3QbYkY,think,249,6
draft_brand_q33LZUZTy4uLt6DNXx51TR,thoroughbred,154,3
draft_brand_fk1TtY2AS1NV6DChbsAFHh,thrill seekers,166,15
draft_brand_7rAXSiQ9Wjf56PsocLt5CT,thrilldrive,109,4
draft_brand_r8cgQz4nxHcZyBhuKcE2Fq,thriving,309,5
draft_brand_7CWQSVE4WmFQ45EPTzGEdU,ticon industries,161,8
draft_brand_LRpPGztikZX69VhtheizHa,tigersgateparts,303,3
draft_brand_GuzZvyXdKg9D9UzbFNRWTs,tiguan,239,36
draft_brand_aQn1WNaJu9gf3imqGbgFCd,timotec-marine,151,4
draft_brand_BJ4fRejDtRw3iV9buhnTTH,tip topol,141,8
draft_brand_hs4kQtjiACXzW84i832Eta,tiptop-autoparts,239,6
draft_brand_RfTy43EA5LughfwLeS2A8U,tk-auto,238,4
draft_brand_xKBZXLXxWuHK3qQQv4kyKD,tkr,264,43
draft_brand_KSG7NsZ7CDEi8UHP8YeB6d,tl,185,3
draft_brand_xHTziekvMwCXGfHGRFE3G3,tmg,109,6
draft_brand_T7TaqoNnpxbzc17bygYDcK,tnt original,137,3
draft_brand_9MxnrwBcRFRECHA6N2buAr,to,14175,5
draft_brand_6HmKhAt3RYKu2Db7NkNyE2,tocean,123,7
draft_brand_Jxfk744XBUeDUKBd3t64z5,tomic,287,55
draft_brand_Ysa5j69ffhbpxX3buuHaQV,tomy,278,172
draft_brand_iRuvHTKzZDtjXWBvHw8oj4,tongsheng,192,46
draft_brand_9izWZQCBgBE1tQAPFdZ9un,top parts racing,158,8
draft_brand_qL5udVrWjW1b3cZTrKTcvz,top tools,319,7
draft_brand_R7V8Fa7yEKrcE9TyDXS74z,top-refiting,295,4
draft_brand_jYeEd1mfbe3mEZX1Hgrgwf,top11,159,8
draft_brand_fnhF5PaWVsSRQyz3evZYpn,topgear,155,7
draft_brand_EE24eS67RHi8xkmcoGT6ym,topsun,277,7
draft_brand_K1AHxg9RFrdFPRqEzanJG4,toptech,107,19
draft_brand_6N7w4aALNd5cctJx94mApU,toucan,122,6
draft_brand_w8jcPZdcgjrM6RGHXT4oej,touk-motor,230,10
draft_brand_9FWLhS9pkGyC7jCbArWb5Y,toy48,124,6
draft_brand_YCWUp6GP36g6zu3Ro3asny,toyot,105,9
draft_brand_vcBxZ1iNmN3Z6DkEqR1h6T,toyota (genuine oe),152,12
draft_brand_n6wEcm8fgfpK8xCDALy2uD,toyota (toyota),213,7
draft_brand_NZy5rVUZwXLjNx6azoijkt,toyota corolla,294,19
draft_brand_NauyNbzMiRM7CfzXhENbYj,toyota lexus,211,56
draft_brand_kmRYejiSxiihwGz5Czj4fd,toyota original oem,283,8
draft_brand_y9xxRh8CBgbodMcVsxXANJ,tp japan,100,5
draft_brand_diT5w6yhPjZZvtUcUkftzr,tpu,189,47
draft_brand_sYsHYoq7prRMTpGxT46PNX,trainhead,129,7
draft_brand_tdXCoMsFbXZ96DyxRAem9i,transferauto,112,9
draft_brand_6hQUcnnixygNyzuC89VQW2,transyoda,229,3
draft_brand_WnQeiUnbkGcADS6Mq4VTNS,traxda,166,14
draft_brand_dxBAQ44ugqcKjT7y3cEFZ6,tre,135,19
draft_brand_jBMaW24E2P63RMCHKCdcrp,treadstone,102,14
draft_brand_JSdzJtvwdXkrdNr8qLWFLf,treperformance,160,4
draft_brand_89vkANAu7fBjZdewNCjDjF,tres&vendu,401,9
draft_brand_HMuFtwN6McKV62pSVYhf2J,tresvendu,105,7
draft_brand_vDE6EavxAb47R41t8LAKzh,trick bits,116,7
draft_brand_e3F1h8Po1E9vpeeowtHHQf,trip machine,125,6
draft_brand_UUUGuegguVxNcShVTEaoYK,troniz,161,11
draft_brand_eMtEo3pgX3khJuS4Ui65ZS,truckman,315,5
draft_brand_BZjYSK2ARQnF2Hqc7bXyDJ,trumgeta,133,18
draft_brand_PSg1tVCT53NQG4g2LVzaqL,trusted road,218,3
draft_brand_1QLCiFA5UZEss2sFeNntPW,tsl,109,7
draft_brand_Riua8mEJn5ft2X9RQEXPV3,tsomony,188,151
draft_brand_3VCJio5vahyKZXUDzxS6im,tsx,232,53
draft_brand_TjaEH3uVACQp6556rCN8ic,ttcr-ii,160,68
draft_brand_xX9phMk8sV6FwWGsj2cX7r,ttk,305,19
draft_brand_9mb6iR2tSLUMc6WR5Uy8L6,ttm,8470,3
draft_brand_ShxhX8yGxSrEG1Wtk1wBgt,ttun,315,8
draft_brand_eakc5MEBpgx24du1CMqqsL,tube,159,3
draft_brand_du7WWzYQfUpRs3bqEhLiok,tuff torque,132,10
draft_brand_ZvtChEPiYoDKECphJG39X4,tune up kit,111,7
draft_brand_fps79fhGbojP9S6u4Lfx3C,tuningart,130,4
draft_brand_wuSE9TmdqHiLTdZBkvqsHQ,turboneta,121,3
draft_brand_cG2jQi7wFo5QZQc7kffPKo,turbosport,107,4
draft_brand_xqQ66hdjtqsjmpoPCackqF,turbotech,159,9
draft_brand_eizxTvj1DbsfjNetksiSPV,turn offroad,307,17
draft_brand_QPnFN4uSktquuSuEUwZZCi,tursteast,161,5
draft_brand_mtTxefvpv7yeoZLqtxXG82,tuttio,206,35
draft_brand_x72eMu715WpVV5hEnubgoZ,twisted,180,7
draft_brand_ZJPz7FumMkzFrq4JVkHqkc,twisted images,138,6
draft_brand_iWqtAXNW4L9xr9QXPdLVYP,twisted shifterz,141,11
draft_brand_Grrvgx9pLVFRmG7Fu8knZh,txj9527 auto parts,329,7
draft_brand_RBVjn89gwCJyMr6Bey1JYJ,txt,113,4
draft_brand_6wmiXdoa22fdRJ8peATB6S,tyco electronics,322,61
draft_brand_XHTCuUJ9W7tw43vDP2QPbs,ubestparts88,284,6
draft_brand_muvNiHxg34HsYJj5ArjkRG,udssr,249,16
draft_brand_nsQKN9Gp9NjTeuKVYzgNqV,uhaul,119,98
draft_brand_z25mGp83avdzfSkfMgpYip,uiuparts,319,5
draft_brand_wRDM39gvdUvgDKBc7B5Xda,ul,165,7
draft_brand_YK8uo8sb3c3znbovM57dNg,ultimate speed,320,215
draft_brand_ZTtGwP3HmYCUm59CU9vcMN,ultrachrome,154,3
draft_brand_jXqwWK3mw39P5p2SLXWzBM,ultrapower,291,4
draft_brand_cTkM3YzBpsdadWcyfzxqzp,umitkernal,104,5
draft_brand_v7bLiWnX6pirkLGHi5CprG,unbrande,125,18
draft_brand_TNSzQ4HSGiJbQTPf7MgEas,unbrnaded,100,45
draft_brand_Ve3c9RfC7Xm1CugSrLq8qh,unifilter,331,4
draft_brand_JVWAvhLTVQCdmiSzsJvq79,united kingdom,263,15
draft_brand_dEsJP3XFoyW8dzo2ge8zEh,universal air cond,166,14
draft_brand_8x92z1DgpedV4ARMVsGfTQ,unknow,211,80
draft_brand_PAGa2EFJhKjtGChPP8hcPP,unq,205,3
draft_brand_icH1Wrx5menp7zkwDHq77k,upgradeautoparts,219,17
draft_brand_Mkp9XwEPS2XhNk7cJyJcAz,urenauto,169,6
draft_brand_ebq5eBxH7VvscCvpNzYLrG,us auto nation 832-790-4949,158,16
draft_brand_r3kKBBTU3Ds4GZrwExebSz,us stock,144,7
draft_brand_tBHbu1h2DEpR8xzpWF2tMq,usa-parts-seller,418,7
draft_brand_M5QPPjAkv29EFG2XF8gsUS,usalovechinese,174,3
draft_brand_ro5ZS8bgKrn1YKroMbkszM,usauces,318,8
draft_brand_PPsBMxu9cyH4PpKu9aAMLy,usggdeal,104,5
draft_brand_9S8hpd38wUm82Z14Ff8ehL,utv inc,106,3
draft_brand_DoTeyBJSQVhaoWtRwgm2Eb,uz,126,7
draft_brand_NJVJWGrppLbuUKdGecQvGC,v,116,58
draft_brand_WK8MhWHzaVnZDUnd265uya,v-truck corp,101,3
draft_brand_NnyFKvSBrEfb66mLnVTdh6,v2,315,75
draft_brand_BjxeQ7GDASDuXPYyEaSgjY,vacaauto,130,6
draft_brand_SgUaoBdbR9KwwR7x3CTU5T,vag group,2871,76
draft_brand_Q3rdUzk7mJX3pqRp4VugR2,valair,138,12
draft_brand_5ygho6ANvb4MLH9V9oati9,valley lighting,254,6
draft_brand_TdxXatrSMouKAvP4UpRYzd,valtek,190,27
draft_brand_HKRXzpovnTT26xttamX8yf,valter moto,103,15
draft_brand_SXyBMGV2QD9X7RmCSo5f35,van,105,41
draft_brand_anNrneGLmML8BXz9NYvTgL,vanguardparts,138,9
draft_brand_yAGudXfq3W6sfzdgg2ee7p,varie,326,10
draft_brand_7LNear6pxBvG3RNbAsfLfp,vario,104,3
draft_brand_QSbyhVyenMzhRFsmoH2Kad,various brands,118,42
draft_brand_h9StQztQTkbk6evViJ1szg,vassilitian,195,6
draft_brand_uyzyiS853hBRYMM7SqpsVL,vauxhal,100,40
draft_brand_qgrDWX6qMf4Rwbnqs48SFo,vava motors,181,19
draft_brand_h7PXtzgYEuJxUNLnh5LbY7,vcd,122,18
draft_brand_pEsPXmtvc3CsyMUDf3Vi1b,veemaster,182,8
draft_brand_1wigkHvYZLVRGeVqAsCW4a,vego,1979,64
draft_brand_X7ZgGFEw9JX9CVSt5VS7Ap,"vego-autoteile, elo-autoteile",142,3
draft_brand_2Y6Lx6YRzv9f2cwNWre1T2,vehicelcarauto,223,6
draft_brand_whh8UV5N5ScFPx4mKULwu7,vehicleshops,3208,10
draft_brand_LA5yT6RQBdej2gaA3AgEEL,vehixle,148,4
draft_brand_UdCnh1tkqbJHFSUyt6QLnz,veloce publishing,120,4
draft_brand_7wxECNmk8Q7Mtw77P6TMg5,velosport,281,38
draft_brand_kDB9xsr6rtJ3by2A5fpYRM,ventico,134,12
draft_brand_WVrvS7cVrRiwkBGvWhboE8,ventline,326,21
draft_brand_vz8Qc56F63pyW9oatrdQLQ,veriga,113,16
draft_brand_aGYsPpqThJ1QZd7vkRTqtg,vierol,276,17
draft_brand_L5zHCK1p6wwZh7DxFvuxFz,vignal systems,414,46
draft_brand_zDPo61pqQioEPvcHkbUPzo,vimin_store,333,4
draft_brand_D238f1gaamTvPTdbDGFd6a,vinove,158,8
draft_brand_J4nPTWWCFVhZCWQ7tgWuBg,vintage speed,178,7
draft_brand_GVn1QNKxY7DsMvYAsXuR9B,vintage_sparesparts,119,3
draft_brand_p2pDtyUX5ufn7YZv1ACLop,virage,162,4
draft_brand_fjkfyDz26k9CQxJnUgj4f4,virdi parts,157,4
draft_brand_KZCrp63zVbU4zb65G5CMcT,vitacci,166,15
draft_brand_XF4qkQkq79hpJLAXuyfMJ7,vkstoresuper,100,10
draft_brand_oYrjkBu3B6wF8EpfGMD4fk,vmoto,242,23
draft_brand_nUXpKbE9R9xqaYGuiY5a61,vnm,104,6
draft_brand_WYRrm64pSBQkpecfzETdU4,vocvertos,144,5
draft_brand_Ze6v1E3s86R3RjJh1tT9ZX,volkswagen audi gruppe,119,9
draft_brand_nd2JKYzBrv7F4jW7Cy1nx9,volkswagen audi vag,110,3
draft_brand_haafjaVy2Y4b9MEfKLAo8U,volling,117,5
draft_brand_sokPGoDGxsc8SKeZ6e6q9t,volskwagen,166,27
draft_brand_CaxtsPLvMRvnVS6tFGJVj8,voltcraft,153,10
draft_brand_YJEJo4Na7M9i9hJUbcrEwx,vonful,186,6
draft_brand_9jGtkP84uazcr9RQxsAqA4,voogenzek,136,72
draft_brand_U4c37idXxMCdHTNmc2pV4y,vorstop,190,5
draft_brand_7GPjMA43a2nqAJ83nbcSbc,voshod,241,6
draft_brand_JjmeB4uLt8W4VhWYNJ6ViH,vrs,287,124
draft_brand_9UnG6aLdJvkFjWNS9UUQwo,vrytos,170,6
draft_brand_CfrjoeJiiPZAZ5vM7ynyKh,vsport,223,16
draft_brand_Nx2QAFaaWrmJaZ1QYaQfcQ,vvivid vinyl,114,56
draft_brand_Bko7pZUPyKUAm4LUUZAL2r,vw golf,264,98
draft_brand_wMDuZG6gmZPFBQEYVkzmAc,vw passat,178,54
draft_brand_Ury9P5HnyJip7HnswDaVtD,vw phaeton,136,9
draft_brand_UvEwg7iLBRH1kdvm6ywyP3,vw volkswagen,233,20
draft_brand_DkCjVueewp3PUt5p7YSX7o,vw/audi,118,48
draft_brand_n46grNfHMCgZutXwiq9eyz,vw65,275,7
draft_brand_gCR8PtY85gFJCS1Jy8JBzL,wa,147,6
draft_brand_WPtVm16nA7pDpGKZ2NQzAF,wanasignmotor,219,3
draft_brand_9VtaJ4AM2fTTvfbbB2iDn7,wannabe choppers,208,6
draft_brand_z3SyzQziiAnQA52z9yAUbA,warrenau,237,4
draft_brand_GVeW1b5FTtwqGvEWp41CgF,watfields engineering,236,5
draft_brand_vCZCUntcqGBQNNCjr7P77m,wave industries werx,127,9
draft_brand_C8b2PyLHqZpcmkfjGHNjnr,wawd,135,8
draft_brand_xrtjUPZvhVse8nUNDQPSxX,wayslef,110,4
draft_brand_hUXuNp2L21y61RvUpnKDF6,wbk,101,12
draft_brand_cT3ikhYJqbvYQt1YmCpraB,wealthwell,330,3
draft_brand_oorEBQyiktBKCKHEv2kEPd,weichai,121,4
draft_brand_zLpAhqYRbD7CqLkqmRTU29,wender,222,10
draft_brand_wf4KA2PiptZSsCog4QC3TF,wenzruz,127,3
draft_brand_w3rmwxstg9RCbSnXwaEQYe,westfalia-automotive,45752,57
draft_brand_CeGeSdwTF1MbdEhaeaefMG,whipitlightrods,204,10
draft_brand_wXXCSGTNF9nopHtin4R3Z7,whoya products,112,4
draft_brand_bFYkjaRQKLwVXBgay2iYpR,wielton,190,10
draft_brand_Uxu7nwrr4iGF1o2EPT7ZCk,wild about carts,184,4
draft_brand_VRHvRNHFqcfc3JAqyLWCbG,wildenbergparts,171,3
draft_brand_xTdTpxiUyTSgH2uxGf2cVM,willow run kf parts,118,4
draft_brand_xgqW8NVnbnT9F44FWdMbAV,win power,100,60
draft_brand_iMnG4CGxrkFzZejoTeS3Bd,wing mirror,331,5
draft_brand_g61ZtoX6nL3jJGD1HeHpat,wingard,106,72
draft_brand_ZJsSuj3EqXqVwvHsujU52h,wisenews,309,7
draft_brand_x6MfDjYBcZW5rnWWzM7Q1Y,wishershengs,176,3
draft_brand_tMG8fHCYsRk392JnjByfHf,woking,242,3
draft_brand_q1AqNt1geqqzbA5MmYJpSC,wolga,244,54
draft_brand_htopv3mQPL2qqr4pbzjCQH,wolongcar,157,19
draft_brand_Bs6cSbaLJo8Trr6o1M5nd3,wonderland_2020,2443,26
draft_brand_H9BC37zu975k2r3ZzdtAXR,wonyton,295,18
draft_brand_Z1bmawrAaUJ228CMXJbhNw,wood & pickett,277,11
draft_brand_pjLJtPfz1gpb3smNCi94U1,wood and pickett,101,5
draft_brand_7u3gJLGwxh65D96GQZFSRn,woodauto,205,23
draft_brand_XB3JM3ExVnEY7KCzsDCfFU,woodpecker-auto,345,5
draft_brand_g36XceA6yGTCvFpuK2ZiRJ,woostar,320,134
draft_brand_yytdKQzvW456L8cXaBJz4A,wop,100,7
draft_brand_eUUmv3u71HHcp8EP62RxsT,world graphic,136,5
draft_brand_aAR5Jm1ZmEQ5sxX5UUr8DX,world part,113,4
draft_brand_uzgWEH2gTAV7qGHxNikEZx,worldclass-autoparts-shop,209,5
draft_brand_yr8TmEmm1DEsiAJBJu43PV,wpautopart,201,3
draft_brand_nV7qBnZkwfQRVWSzifD6m5,ws performance parts racing,330,6
draft_brand_w9kA9ZLPksVBku19MrXYYx,wtns-parts,116,14
draft_brand_mYW8DBMmhUwHkVJ87bSwMg,wtp,223,6
draft_brand_BHZLRagZR3tdGnVWgVkYop,wuho,321,5
draft_brand_QBE9ZXus4gjEF9QBbpZHH9,www-autos,202,5
draft_brand_mVTeyhBao6PAk1xtEzhcGL,www.fordor.com,115,3
draft_brand_fPJEAyEeuz2GNDqbdBabSD,www.vizi-tec.com,185,3
draft_brand_8WXd2TWvGHqn1oAGvYDacw,wxos,134,11
draft_brand_gsSB4JjTrcJpjwVsJWN2fh,wynns,343,73
draft_brand_77CbioKeg31AVqEjeyyJ9G,wywyr,119,3
draft_brand_sazYnXw4XcN9ixogbi6g89,xb,111,7
draft_brand_8QSfRACztReFbTCpxj5YS6,xca,155,10
draft_brand_YpcLdNc92kaPLArF7Vx2Tt,xeplfilm,251,5
draft_brand_pg3qtMRsVqXuYtPNTisUvY,xfhmydm,343,3
draft_brand_x83MUKfdqhrRbiE99KtJsM,xggs23,3437,4
draft_brand_caCT2qjrXyNxiZJoNwZzR7,xh,142,7
draft_brand_kgFAU3eeA1Hh95iegdkhJV,xk,155,12
draft_brand_uvqqPFBGkFnjQFb1UhcnBq,xotictech,162,6
draft_brand_UxRssSXiuFadrMYSGcWq67,xpert auto parts,215,5
draft_brand_HLnv1eobxDiBheyaBakCnn,xpp,120,8
draft_brand_AjjdNaFjAY4FedvR6BV7JA,xr,322,13
draft_brand_nTV1QPTKPUoSdm8zaoSrYb,xrd-st,149,3
draft_brand_mR4knXX9fcQGBycBPkKQKX,xrmxf,134,6
draft_brand_aj64zNkrxRTSMVAB1uJjbL,xrn,138,5
draft_brand_MFqnntJHpc8iAc4GkrkkuJ,xsc,144,7
draft_brand_YwV4Ma7kgEMLRLqA4rbYCn,xue-shop,341,4
draft_brand_mnDitYuuq27aC9XNBzLNDW,xunder,222,6
draft_brand_EBtaZXapRfZkBbEUw42dmT,xunuoparts,141,21
draft_brand_Q4Vmh7V3rokbyNyrZpDLCc,xwds,148,13
draft_brand_LJ2Rvti3qo2Q9upjEYVRD7,xwqhhjw,214,7
draft_brand_8HpPZ8QowAMRRdpnadZfgv,yadea,218,34
draft_brand_R4cvzjPZjX2rAvvqWxr5WR,yahuae,117,3
draft_brand_pxrhGDKSC7VLDomdJG3N51,yanangparts,142,15
draft_brand_Gq9WRnZjgxJykKBNqN9ZDW,yanqueens,183,18
draft_brand_H7nwAaqD7QkPnvcyNscCfB,ybb-autone,219,12
draft_brand_3HWT3QKRLdiJJ5KMnjrGZQ,ybc-auto,308,4
draft_brand_S5xd1e8jZnr9tMrBQyaJUz,yfpocketshop,363,12
draft_brand_aPBNC9qDm9naPvb2ec3Zb9,ygq,111,45
draft_brand_trGkLE9jhKN5VFRcrQgy3y,yixisi,146,84
draft_brand_amqb2vL15uGZzn518Cq61R,yjy-carplay-pros,161,3
draft_brand_v8phDNwcDbs9hrmnjg9ov9,yksei-autoparts,231,6
draft_brand_d3A8Kdk1TwkkccYxRHExPj,yl,128,45
draft_brand_pjTjYgBvJBbeSoTHpk5JkG,ylforest,293,5
draft_brand_KsB8T94Zof4vKUWyfA1oLS,yolense,288,5
draft_brand_vrvw2YMuq6iAv8EnrvQDUc,yonaka,219,11
draft_brand_YtXjSibjacf2EcsmjXERRa,yonex (yonex),101,6
draft_brand_ZeRfmtf5jwspAfpVq2aB3N,yoshikaze,125,3
draft_brand_Em86uoYT4QrUgrpfPTmVw8,youcu-b,159,21
draft_brand_LoKzZy4sV3ohwB2x8e18Ng,your day mate,157,28
draft_brand_h33hfFVRQkS3SVD47JR4YE,yps,112,6
draft_brand_8iBU7MFYtJ95s2h7sKS1kF,ysn,1789,5
draft_brand_KqHLFDT5TtNyoyxcWnys7M,ytian,102,8
draft_brand_ZtsZzaA5wtXMRiqEkLAWLR,ytr,164,47
draft_brand_GAJfc6q5yvhPr3L735pFL2,yuanjufitt,303,11
draft_brand_GFibrVn2PVoRgbKqGtjPxt,yuanying,156,39
draft_brand_KwV9QPXftp6pKo44DVRd49,yuehe,132,5
draft_brand_LMJzFCUFKv5Py9EHSxK9v7,yufanya,326,13
draft_brand_rU3tEsQmN5rVntL9rJbdK1,yura,272,23
draft_brand_KTZdm3ZvZG7EP5TgUhk7yD,yy-auto,261,5
draft_brand_9CkaNvZqftrtZwZ3dEGE6V,yyn,114,7
draft_brand_bdHV97vPotG2w1b5ymv2tR,yz,102,17
draft_brand_ePktn7xPa2GSQv2tqMrXSC,yz-parts,113,3
draft_brand_2QY8GJnE2HsqLTzA5WmZ83,zaero,101,9
draft_brand_hLyc3Vn2pcvmPJxE3qzY9d,zanetol,138,6
draft_brand_6rRcM2poSDMdFFtw8TNrQV,zap hose kits,156,3
draft_brand_wgxhN5CyFDmmfAtA4jG3aW,zatooto,171,94
draft_brand_7TLqYCdKbVVhkCjYBdgrGk,zclilisa,123,3
draft_brand_Sr6Su6z54RAZtvndLL9C4n,zcwwboy,115,7
draft_brand_wG3uZJhbMyT6rLJrUoQgh4,zeekr,132,11
draft_brand_ypocjMXvpyPzQAjUrzha9Y,zenec,335,20
draft_brand_VauPQKVq1nnsCaEqrw9RCH,zenithauto,317,12
draft_brand_eF5X5obEaTeLHLTYrqGudo,zenithauto-6,224,7
draft_brand_rJzUiCoDfPAR6igAw1uLF4,zettler,103,4
draft_brand_kfB1p5D9j2X38tyWmv3N3e,zhauto,132,6
draft_brand_FzHQEg4mkYcAnrWjxSq7yP,zhica16,118,14
draft_brand_KFJWQ4nmm4rxUgoVn919Vz,zhla,259,5
draft_brand_NAEYvmYz1Bei6xLrj66JXD,zhqiao,104,19
draft_brand_tjN9ghXTS9AXBL9yEcbEkv,zimisi,112,87
draft_brand_TVRZdsHyPH6rrdpUp6KzBF,zinc,102,43
draft_brand_TWh9dbxJ1zcsYzNhBEB3zC,zion,185,7
draft_brand_L7FCmFP1hEo223MuQnsExP,zjcgo,133,7
draft_brand_jw1acKDMQvJRtiVcXTGEXf,znp,208,4
draft_brand_mHq7bpE8yx7qgWMKLgCTmi,zodiparts,144,3
draft_brand_eKkjPGyekCApUCHiWenEBz,zodistore,345,6
draft_brand_X4zoBjRX3JmqAQUhHmhdAK,zpe griptec,158,14
draft_brand_wsYUsRfv5Ph3b3hYfyJMty,zqxuykan,303,15
draft_brand_5t2bbD6XSNn3T8MKytTTDT,zrp,334,13
draft_brand_K6f1Hpr5tVMc3cH3KZdGAw,zx,3398,6
